month,department,account,budget_amount,actual_amount,variance_amount,execution_rate,warning_level,source_class,source_note
2026-01-01,仓储部,其他制造费,72727.95,64565.409999999996,-8162.540000000001,0.8877661201780058,green,synthetic_scenario,Calculated from synthetic budget and expense scenario
2026-01-01,仓储部,折旧费,137717.97,123074.22,-14643.75,0.8936685604645493,green,synthetic_scenario,Calculated from synthetic budget and expense scenario
2026-01-01,仓储部,直接人工,215494.07,183277.34,-32216.73000000001,0.8504982990947267,green,synthetic_scenario,Calculated from synthetic budget and expense scenario
2026-01-01,仓储部,直接材料,895348.9,852836.3300000001,-42512.56999999995,0.9525184316415646,amber,synthetic_scenario,Calculated from synthetic budget and expense scenario
2026-01-01,仓储部,维修费,72816.34,66745.82,-6070.5199999999895,0.916632448156554,amber,synthetic_scenario,Calculated from synthetic budget and expense scenario
2026-01-01,仓储部,能源费,172875.37,145738.77000000002,-27136.599999999977,0.8430279570768238,green,synthetic_scenario,Calculated from synthetic budget and expense scenario
2026-01-01,生产一部,其他制造费,73433.2,64970.770000000004,-8462.429999999993,0.8847601629780536,green,synthetic_scenario,Calculated from synthetic budget and expense scenario
2026-01-01,生产一部,折旧费,139072.63,133646.45,-5426.179999999993,0.9609831208340563,amber,synthetic_scenario,Calculated from synthetic budget and expense scenario
2026-01-01,生产一部,直接人工,254735.29,218487.74,-36247.55000000002,0.857705031760617,green,synthetic_scenario,Calculated from synthetic budget and expense scenario
2026-01-01,生产一部,直接材料,905610.04,1174109.72,268499.67999999993,1.29648487554312,red,synthetic_scenario,Calculated from synthetic budget and expense scenario
2026-01-01,生产一部,维修费,84024.06,75718.67,-8305.39,0.9011546216643186,amber,synthetic_scenario,Calculated from synthetic budget and expense scenario
2026-01-01,生产一部,能源费,155908.33,207736.66,51828.330000000016,1.3324282288188194,red,synthetic_scenario,Calculated from synthetic budget and expense scenario
2026-01-01,生产二部,其他制造费,62344.43,55660.84,-6683.590000000004,0.8927957156717929,green,synthetic_scenario,Calculated from synthetic budget and expense scenario
2026-01-01,生产二部,折旧费,145578.4,127719.31,-17859.089999999997,0.8773232155319746,green,synthetic_scenario,Calculated from synthetic budget and expense scenario
2026-01-01,生产二部,直接人工,232369.26,194690.88,-37678.380000000005,0.8378512717215694,green,synthetic_scenario,Calculated from synthetic budget and expense scenario
2026-01-01,生产二部,直接材料,855663.45,810448.34,-45215.109999999986,0.9471578340760026,amber,synthetic_scenario,Calculated from synthetic budget and expense scenario
2026-01-01,生产二部,维修费,76671.68,71715.22,-4956.459999999992,0.9353547489764149,amber,synthetic_scenario,Calculated from synthetic budget and expense scenario
2026-01-01,生产二部,能源费,165132.06,155778.46,-9353.600000000006,0.9433568502688091,amber,synthetic_scenario,Calculated from synthetic budget and expense scenario
2026-01-01,设备部,其他制造费,72455.38,61690.28999999999,-10765.090000000011,0.8514245595013095,green,synthetic_scenario,Calculated from synthetic budget and expense scenario
2026-01-01,设备部,折旧费,120872.32,110323.51,-10548.810000000012,0.912727661717753,amber,synthetic_scenario,Calculated from synthetic budget and expense scenario
2026-01-01,设备部,直接人工,224919.2,202436.32,-22482.880000000005,0.9000401922112474,amber,synthetic_scenario,Calculated from synthetic budget and expense scenario
2026-01-01,设备部,直接材料,874086.79,751030.78,-123056.01000000001,0.8592176298648787,green,synthetic_scenario,Calculated from synthetic budget and expense scenario
2026-01-01,设备部,维修费,79700.28,69371.94,-10328.339999999997,0.8704102419715465,green,synthetic_scenario,Calculated from synthetic budget and expense scenario
2026-01-01,设备部,能源费,157546.03,143311.51,-14234.51999999999,0.9096485008222677,amber,synthetic_scenario,Calculated from synthetic budget and expense scenario
2026-01-01,质量部,其他制造费,60544.73,52414.51,-8130.220000000001,0.8657154801086734,green,synthetic_scenario,Calculated from synthetic budget and expense scenario
2026-01-01,质量部,折旧费,143108.0,123715.47,-19392.53,0.8644902451295525,green,synthetic_scenario,Calculated from synthetic budget and expense scenario
2026-01-01,质量部,直接人工,224951.34,183358.85,-41592.48999999999,0.8151045021558885,green,synthetic_scenario,Calculated from synthetic budget and expense scenario
2026-01-01,质量部,直接材料,901899.66,814462.94,-87436.72000000009,0.9030527187470055,amber,synthetic_scenario,Calculated from synthetic budget and expense scenario
2026-01-01,质量部,维修费,87035.19,76388.42,-10646.770000000004,0.8776728125715586,green,synthetic_scenario,Calculated from synthetic budget and expense scenario
2026-01-01,质量部,能源费,181206.87,165487.12,-15719.75,0.9132497018462932,amber,synthetic_scenario,Calculated from synthetic budget and expense scenario
2026-01-01,采购部,其他制造费,73174.8,64023.86,-9150.940000000002,0.8749441064410152,green,synthetic_scenario,Calculated from synthetic budget and expense scenario
2026-01-01,采购部,折旧费,147210.49,126855.97,-20354.51999999999,0.8617318643528733,green,synthetic_scenario,Calculated from synthetic budget and expense scenario
2026-01-01,采购部,直接人工,253657.63,222772.81,-30884.820000000007,0.8782421013710489,green,synthetic_scenario,Calculated from synthetic budget and expense scenario
2026-01-01,采购部,直接材料,788359.71,686089.34,-102270.37,0.8702744842199001,green,synthetic_scenario,Calculated from synthetic budget and expense scenario
2026-01-01,采购部,维修费,89990.42,81968.66,-8021.759999999995,0.9108598448590417,amber,synthetic_scenario,Calculated from synthetic budget and expense scenario
2026-01-01,采购部,能源费,148001.04,134658.16,-13342.880000000005,0.9098460389197265,amber,synthetic_scenario,Calculated from synthetic budget and expense scenario
2026-02-01,仓储部,其他制造费,65394.39,57573.82,-7820.57,0.8804091604799739,green,synthetic_scenario,Calculated from synthetic budget and expense scenario
2026-02-01,仓储部,折旧费,155954.34,141961.21,-13993.130000000005,0.9102741866625834,amber,synthetic_scenario,Calculated from synthetic budget and expense scenario
2026-02-01,仓储部,直接人工,229362.03,202045.09,-27316.940000000002,0.8809003390840237,green,synthetic_scenario,Calculated from synthetic budget and expense scenario
2026-02-01,仓储部,直接材料,773600.94,681203.23,-92397.70999999996,0.8805615334438451,green,synthetic_scenario,Calculated from synthetic budget and expense scenario
2026-02-01,仓储部,维修费,82359.62,75832.43,-6527.190000000002,0.9207476916479216,amber,synthetic_scenario,Calculated from synthetic budget and expense scenario
2026-02-01,仓储部,能源费,154285.74,135804.18,-18481.559999999998,0.8802121310757559,green,synthetic_scenario,Calculated from synthetic budget and expense scenario
2026-02-01,生产一部,其他制造费,72279.88,69482.38,-2797.5,0.9612962832810459,amber,synthetic_scenario,Calculated from synthetic budget and expense scenario
2026-02-01,生产一部,折旧费,135598.57,119887.14,-15711.430000000008,0.8841327751465226,green,synthetic_scenario,Calculated from synthetic budget and expense scenario
2026-02-01,生产一部,直接人工,245777.06,226486.43,-19290.630000000005,0.9215116740349973,amber,synthetic_scenario,Calculated from synthetic budget and expense scenario
2026-02-01,生产一部,直接材料,909005.9,1094544.23,185538.32999999996,1.2041112494429353,red,synthetic_scenario,Calculated from synthetic budget and expense scenario
2026-02-01,生产一部,维修费,88569.57,82531.77,-6037.800000000003,0.9318298598491559,amber,synthetic_scenario,Calculated from synthetic budget and expense scenario
2026-02-01,生产一部,能源费,159612.97,197027.77,37414.79999999999,1.234409521983082,red,synthetic_scenario,Calculated from synthetic budget and expense scenario
2026-02-01,生产二部,其他制造费,62242.84,55607.479999999996,-6635.360000000001,0.893395609840425,green,synthetic_scenario,Calculated from synthetic budget and expense scenario
2026-02-01,生产二部,折旧费,131747.8,119523.54,-12224.259999999995,0.9072146935280893,amber,synthetic_scenario,Calculated from synthetic budget and expense scenario
2026-02-01,生产二部,直接人工,269892.1,242767.55,-27124.54999999999,0.8994985403426036,green,synthetic_scenario,Calculated from synthetic budget and expense scenario
2026-02-01,生产二部,直接材料,850607.61,757317.95,-93289.66000000003,0.8903258577712465,green,synthetic_scenario,Calculated from synthetic budget and expense scenario
2026-02-01,生产二部,维修费,89036.35,79851.5,-9184.850000000006,0.8968415708864974,green,synthetic_scenario,Calculated from synthetic budget and expense scenario
2026-02-01,生产二部,能源费,161637.82,157863.27,-3774.5500000000175,0.9766481012921356,amber,synthetic_scenario,Calculated from synthetic budget and expense scenario
2026-02-01,设备部,其他制造费,64173.35,56296.590000000004,-7876.759999999995,0.8772580829892783,green,synthetic_scenario,Calculated from synthetic budget and expense scenario
2026-02-01,设备部,折旧费,143417.75,140104.54,-3313.209999999992,0.9768981872885331,amber,synthetic_scenario,Calculated from synthetic budget and expense scenario
2026-02-01,设备部,直接人工,217616.2,185545.7,-32070.5,0.8526281591168304,green,synthetic_scenario,Calculated from synthetic budget and expense scenario
2026-02-01,设备部,直接材料,945338.7,854164.5800000001,-91174.11999999988,0.9035540172003961,amber,synthetic_scenario,Calculated from synthetic budget and expense scenario
2026-02-01,设备部,维修费,84750.44,76705.52,-8044.919999999998,0.9050751830904948,amber,synthetic_scenario,Calculated from synthetic budget and expense scenario
2026-02-01,设备部,能源费,166168.09,156349.94,-9818.149999999994,0.9409143476343743,amber,synthetic_scenario,Calculated from synthetic budget and expense scenario
2026-02-01,质量部,其他制造费,72981.66,64847.95,-8133.710000000006,0.8885513154948791,green,synthetic_scenario,Calculated from synthetic budget and expense scenario
2026-02-01,质量部,折旧费,124476.85,111562.27,-12914.580000000002,0.8962491419087163,green,synthetic_scenario,Calculated from synthetic budget and expense scenario
2026-02-01,质量部,直接人工,226334.65,203548.36,-22786.290000000008,0.8993247830148853,green,synthetic_scenario,Calculated from synthetic budget and expense scenario
2026-02-01,质量部,直接材料,862810.58,799072.97,-63737.609999999986,0.9261279225389193,amber,synthetic_scenario,Calculated from synthetic budget and expense scenario
2026-02-01,质量部,维修费,94021.18,81642.77,-12378.409999999989,0.8683444517501271,green,synthetic_scenario,Calculated from synthetic budget and expense scenario
2026-02-01,质量部,能源费,156434.68,139811.74,-16622.940000000002,0.8937387796619011,green,synthetic_scenario,Calculated from synthetic budget and expense scenario
2026-02-01,采购部,其他制造费,66322.29,57632.84,-8689.449999999997,0.8689814540481036,green,synthetic_scenario,Calculated from synthetic budget and expense scenario
2026-02-01,采购部,折旧费,152384.58,141010.99,-11373.589999999997,0.9253625924617832,amber,synthetic_scenario,Calculated from synthetic budget and expense scenario
2026-02-01,采购部,直接人工,262806.72,235378.86,-27427.859999999986,0.8956348604784535,green,synthetic_scenario,Calculated from synthetic budget and expense scenario
2026-02-01,采购部,直接材料,756230.42,714103.42,-42127.0,0.944293433739415,amber,synthetic_scenario,Calculated from synthetic budget and expense scenario
2026-02-01,采购部,维修费,80425.9,75298.12,-5127.779999999999,0.9362421806905487,amber,synthetic_scenario,Calculated from synthetic budget and expense scenario
2026-02-01,采购部,能源费,152161.95,135345.05,-16816.900000000023,0.8894802544262871,green,synthetic_scenario,Calculated from synthetic budget and expense scenario
2026-03-01,仓储部,其他制造费,78959.73,72165.37,-6794.360000000001,0.9139515801282502,amber,synthetic_scenario,Calculated from synthetic budget and expense scenario
2026-03-01,仓储部,折旧费,162969.4,148232.81,-14736.589999999997,0.9095744968073761,amber,synthetic_scenario,Calculated from synthetic budget and expense scenario
2026-03-01,仓储部,直接人工,265936.67,234510.8,-31425.869999999995,0.8818294972257869,green,synthetic_scenario,Calculated from synthetic budget and expense scenario
2026-03-01,仓储部,直接材料,921527.37,847418.1,-74109.27000000002,0.9195799577824801,amber,synthetic_scenario,Calculated from synthetic budget and expense scenario
2026-03-01,仓储部,维修费,91972.95,84761.43,-7211.520000000004,0.9215908590514929,amber,synthetic_scenario,Calculated from synthetic budget and expense scenario
2026-03-01,仓储部,能源费,181689.94,171641.63999999998,-10048.300000000017,0.9446953419655485,amber,synthetic_scenario,Calculated from synthetic budget and expense scenario
2026-03-01,生产一部,其他制造费,65639.77,58173.44,-7466.330000000002,0.8862529530496527,green,synthetic_scenario,Calculated from synthetic budget and expense scenario
2026-03-01,生产一部,折旧费,148930.04,134511.74,-14418.300000000017,0.9031874294803116,amber,synthetic_scenario,Calculated from synthetic budget and expense scenario
2026-03-01,生产一部,直接人工,242561.07,218150.99,-24410.080000000016,0.8993652196537556,green,synthetic_scenario,Calculated from synthetic budget and expense scenario
2026-03-01,生产一部,直接材料,852365.55,1068276.4,215910.84999999986,1.2533078090732315,red,synthetic_scenario,Calculated from synthetic budget and expense scenario
2026-03-01,生产一部,维修费,91559.5,85936.88,-5622.619999999995,0.938590534024323,amber,synthetic_scenario,Calculated from synthetic budget and expense scenario
2026-03-01,生产一部,能源费,182834.39,250078.13,67243.73999999999,1.3677849664934478,red,synthetic_scenario,Calculated from synthetic budget and expense scenario
2026-03-01,生产二部,其他制造费,72771.45,60359.31,-12412.14,0.8294366815557475,green,synthetic_scenario,Calculated from synthetic budget and expense scenario
2026-03-01,生产二部,折旧费,147715.39,130605.0,-17110.390000000014,0.884166504248474,green,synthetic_scenario,Calculated from synthetic budget and expense scenario
2026-03-01,生产二部,直接人工,260079.02,249558.49,-10520.529999999999,0.9595487171552707,amber,synthetic_scenario,Calculated from synthetic budget and expense scenario
2026-03-01,生产二部,直接材料,837271.19,724040.92,-113230.2699999999,0.8647627299823849,green,synthetic_scenario,Calculated from synthetic budget and expense scenario
2026-03-01,生产二部,维修费,88238.76,75627.63,-12611.12999999999,0.8570794739182646,green,synthetic_scenario,Calculated from synthetic budget and expense scenario
2026-03-01,生产二部,能源费,174888.19,150294.25,-24593.940000000002,0.8593733516254013,green,synthetic_scenario,Calculated from synthetic budget and expense scenario
2026-03-01,设备部,其他制造费,81115.87,80661.65,-454.22000000000116,0.9944003559352812,amber,synthetic_scenario,Calculated from synthetic budget and expense scenario
2026-03-01,设备部,折旧费,130971.84,112381.76000000001,-18590.079999999987,0.8580604807873204,green,synthetic_scenario,Calculated from synthetic budget and expense scenario
2026-03-01,设备部,直接人工,263488.26,229043.01,-34445.25,0.8692721641563841,green,synthetic_scenario,Calculated from synthetic budget and expense scenario
2026-03-01,设备部,直接材料,937662.04,828025.52,-109636.52000000002,0.8830745883666145,green,synthetic_scenario,Calculated from synthetic budget and expense scenario
2026-03-01,设备部,维修费,87396.94,78957.31,-8439.630000000005,0.9034333467510418,amber,synthetic_scenario,Calculated from synthetic budget and expense scenario
2026-03-01,设备部,能源费,167991.1,152647.79,-15343.309999999998,0.9086659352787142,amber,synthetic_scenario,Calculated from synthetic budget and expense scenario
2026-03-01,质量部,其他制造费,79854.69,68930.43,-10924.26000000001,0.8631982667517711,green,synthetic_scenario,Calculated from synthetic budget and expense scenario
2026-03-01,质量部,折旧费,156928.37,145278.75,-11649.619999999995,0.9257647294749828,amber,synthetic_scenario,Calculated from synthetic budget and expense scenario
2026-03-01,质量部,直接人工,236244.05,214251.08,-21992.97,0.9069057188953542,amber,synthetic_scenario,Calculated from synthetic budget and expense scenario
2026-03-01,质量部,直接材料,797923.66,723210.05,-74713.60999999999,0.9063649647887368,amber,synthetic_scenario,Calculated from synthetic budget and expense scenario
2026-03-01,质量部,维修费,78979.03,75698.23,-3280.800000000003,0.9584598595348663,amber,synthetic_scenario,Calculated from synthetic budget and expense scenario
2026-03-01,质量部,能源费,161175.83,141649.09,-19526.73999999999,0.8788482119186233,green,synthetic_scenario,Calculated from synthetic budget and expense scenario
2026-03-01,采购部,其他制造费,69172.97,60848.13,-8324.840000000004,0.8796518351026419,green,synthetic_scenario,Calculated from synthetic budget and expense scenario
2026-03-01,采购部,折旧费,154997.27,129220.16,-25777.109999999986,0.8336931353694166,green,synthetic_scenario,Calculated from synthetic budget and expense scenario
2026-03-01,采购部,直接人工,263690.6,232611.07,-31079.52999999997,0.8821363749788579,green,synthetic_scenario,Calculated from synthetic budget and expense scenario
2026-03-01,采购部,直接材料,876187.78,788882.6799999999,-87305.1000000001,0.9003580031668553,amber,synthetic_scenario,Calculated from synthetic budget and expense scenario
2026-03-01,采购部,维修费,84208.26,73965.95,-10242.309999999998,0.8783692953636615,green,synthetic_scenario,Calculated from synthetic budget and expense scenario
2026-03-01,采购部,能源费,189922.82,175926.91999999998,-13995.900000000023,0.9263074337249203,amber,synthetic_scenario,Calculated from synthetic budget and expense scenario
2026-04-01,仓储部,其他制造费,79341.23,69136.61,-10204.619999999995,0.8713831383758482,green,synthetic_scenario,Calculated from synthetic budget and expense scenario
2026-04-01,仓储部,折旧费,163218.65,151604.28,-11614.369999999995,0.928841648916959,amber,synthetic_scenario,Calculated from synthetic budget and expense scenario
2026-04-01,仓储部,直接人工,247087.57,211129.84,-35957.73000000001,0.8544737398162117,green,synthetic_scenario,Calculated from synthetic budget and expense scenario
2026-04-01,仓储部,直接材料,1013746.36,941972.84,-71773.52000000002,0.9291997260537636,amber,synthetic_scenario,Calculated from synthetic budget and expense scenario
2026-04-01,仓储部,维修费,87392.4,81387.74,-6004.659999999989,0.9312908216275101,amber,synthetic_scenario,Calculated from synthetic budget and expense scenario
2026-04-01,仓储部,能源费,191447.16,179206.68,-12240.48000000001,0.9360634025597454,amber,synthetic_scenario,Calculated from synthetic budget and expense scenario
2026-04-01,生产一部,其他制造费,75589.22,69447.43,-6141.790000000008,0.9187478055733342,amber,synthetic_scenario,Calculated from synthetic budget and expense scenario
2026-04-01,生产一部,折旧费,144208.93,125238.0,-18970.929999999993,0.8684482992835465,green,synthetic_scenario,Calculated from synthetic budget and expense scenario
2026-04-01,生产一部,直接人工,255007.94,227274.19,-27733.75,0.8912435824547267,green,synthetic_scenario,Calculated from synthetic budget and expense scenario
2026-04-01,生产一部,直接材料,927210.77,1177876.8,250666.03000000003,1.2703441742808919,red,synthetic_scenario,Calculated from synthetic budget and expense scenario
2026-04-01,生产一部,维修费,81575.92,73380.34,-8195.580000000002,0.8995343233640515,green,synthetic_scenario,Calculated from synthetic budget and expense scenario
2026-04-01,生产一部,能源费,200700.84,256169.96,55469.119999999995,1.276377119298554,red,synthetic_scenario,Calculated from synthetic budget and expense scenario
2026-04-01,生产二部,其他制造费,75042.51,66546.52,-8495.98999999999,0.886784303989832,green,synthetic_scenario,Calculated from synthetic budget and expense scenario
2026-04-01,生产二部,折旧费,143077.83,128501.55,-14576.279999999984,0.8981234199596123,green,synthetic_scenario,Calculated from synthetic budget and expense scenario
2026-04-01,生产二部,直接人工,291029.8,269152.38,-21877.419999999984,0.9248275606140678,amber,synthetic_scenario,Calculated from synthetic budget and expense scenario
2026-04-01,生产二部,直接材料,924468.33,760570.86,-163897.46999999997,0.8227116444324275,green,synthetic_scenario,Calculated from synthetic budget and expense scenario
2026-04-01,生产二部,维修费,99846.45,82240.05,-17606.399999999994,0.8236652379729075,green,synthetic_scenario,Calculated from synthetic budget and expense scenario
2026-04-01,生产二部,能源费,170551.15,145905.16999999998,-24645.98000000001,0.8554921500089562,green,synthetic_scenario,Calculated from synthetic budget and expense scenario
2026-04-01,设备部,其他制造费,74137.15,62954.72,-11182.429999999993,0.8491656342333096,green,synthetic_scenario,Calculated from synthetic budget and expense scenario
2026-04-01,设备部,折旧费,165289.35,147382.82,-17906.53,0.8916655549797976,green,synthetic_scenario,Calculated from synthetic budget and expense scenario
2026-04-01,设备部,直接人工,257725.6,228844.07,-28881.53,0.8879368987791667,green,synthetic_scenario,Calculated from synthetic budget and expense scenario
2026-04-01,设备部,直接材料,822942.51,754433.2,-68509.31000000006,0.9167507946575757,amber,synthetic_scenario,Calculated from synthetic budget and expense scenario
2026-04-01,设备部,维修费,98885.4,91017.51,-7867.889999999999,0.9204342602649127,amber,synthetic_scenario,Calculated from synthetic budget and expense scenario
2026-04-01,设备部,能源费,204968.58,177041.22,-27927.359999999986,0.8637480925125207,green,synthetic_scenario,Calculated from synthetic budget and expense scenario
2026-04-01,质量部,其他制造费,81351.47,72084.23,-9267.240000000005,0.8860839269407178,green,synthetic_scenario,Calculated from synthetic budget and expense scenario
2026-04-01,质量部,折旧费,134812.47,112516.27,-22296.199999999997,0.834613222352502,green,synthetic_scenario,Calculated from synthetic budget and expense scenario
2026-04-01,质量部,直接人工,245298.87,224445.34,-20853.53,0.9149872561581714,amber,synthetic_scenario,Calculated from synthetic budget and expense scenario
2026-04-01,质量部,直接材料,946950.41,826624.8400000001,-120325.56999999995,0.8729336101137546,green,synthetic_scenario,Calculated from synthetic budget and expense scenario
2026-04-01,质量部,维修费,92038.74,85584.47,-6454.270000000004,0.9298744202712901,amber,synthetic_scenario,Calculated from synthetic budget and expense scenario
2026-04-01,质量部,能源费,183455.21,165563.33000000002,-17891.879999999976,0.9024727616075882,amber,synthetic_scenario,Calculated from synthetic budget and expense scenario
2026-04-01,采购部,其他制造费,70461.95,61548.020000000004,-8913.929999999993,0.8734929987035557,green,synthetic_scenario,Calculated from synthetic budget and expense scenario
2026-04-01,采购部,折旧费,154572.07,129973.76,-24598.310000000012,0.8408618710999988,green,synthetic_scenario,Calculated from synthetic budget and expense scenario
2026-04-01,采购部,直接人工,238975.89,210241.72999999998,-28734.160000000033,0.8797612595981962,green,synthetic_scenario,Calculated from synthetic budget and expense scenario
2026-04-01,采购部,直接材料,1027144.72,914989.36,-112155.35999999999,0.8908086097156787,green,synthetic_scenario,Calculated from synthetic budget and expense scenario
2026-04-01,采购部,维修费,99868.3,82971.41,-16896.89,0.8308082744975133,green,synthetic_scenario,Calculated from synthetic budget and expense scenario
2026-04-01,采购部,能源费,197442.1,174059.05,-23383.050000000017,0.8815700906746838,green,synthetic_scenario,Calculated from synthetic budget and expense scenario
2026-05-01,仓储部,其他制造费,82788.96,74138.95,-8650.01000000001,0.8955173491731263,green,synthetic_scenario,Calculated from synthetic budget and expense scenario
2026-05-01,仓储部,折旧费,161028.55,148501.3,-12527.25,0.9222047891507438,amber,synthetic_scenario,Calculated from synthetic budget and expense scenario
2026-05-01,仓储部,直接人工,283166.2,231017.73,-52148.47,0.8158379425228011,green,synthetic_scenario,Calculated from synthetic budget and expense scenario
2026-05-01,仓储部,直接材料,949406.72,843616.73,-105789.98999999999,0.8885725287472159,green,synthetic_scenario,Calculated from synthetic budget and expense scenario
2026-05-01,仓储部,维修费,90065.17,84157.83,-5907.3399999999965,0.9344103830592893,amber,synthetic_scenario,Calculated from synthetic budget and expense scenario
2026-05-01,仓储部,能源费,198874.34,178357.13,-20517.209999999992,0.8968332968446306,green,synthetic_scenario,Calculated from synthetic budget and expense scenario
2026-05-01,生产一部,其他制造费,72175.39,66968.04000000001,-5207.349999999991,0.9278514463170896,amber,synthetic_scenario,Calculated from synthetic budget and expense scenario
2026-05-01,生产一部,折旧费,151425.2,143598.65,-7826.5500000000175,0.9483140851060456,amber,synthetic_scenario,Calculated from synthetic budget and expense scenario
2026-05-01,生产一部,直接人工,286661.5,263346.34,-23315.159999999974,0.9186665806186043,amber,synthetic_scenario,Calculated from synthetic budget and expense scenario
2026-05-01,生产一部,直接材料,991703.41,1378442.6600000001,386739.2500000001,1.3899747102815752,red,synthetic_scenario,Calculated from synthetic budget and expense scenario
2026-05-01,生产一部,维修费,100437.96,90959.08,-9478.880000000005,0.9056245268223289,amber,synthetic_scenario,Calculated from synthetic budget and expense scenario
2026-05-01,生产一部,能源费,209800.54,281038.78,71238.24000000002,1.3395522242221112,red,synthetic_scenario,Calculated from synthetic budget and expense scenario
2026-05-01,生产二部,其他制造费,86869.47,82312.36,-4557.110000000001,0.9475407182753619,amber,synthetic_scenario,Calculated from synthetic budget and expense scenario
2026-05-01,生产二部,折旧费,140152.99,137639.4,-2513.5899999999965,0.9820653844059981,amber,synthetic_scenario,Calculated from synthetic budget and expense scenario
2026-05-01,生产二部,直接人工,294047.16,279018.16,-15029.0,0.9488891509783669,amber,synthetic_scenario,Calculated from synthetic budget and expense scenario
2026-05-01,生产二部,直接材料,1020847.75,972414.78,-48432.96999999997,0.9525561279828456,amber,synthetic_scenario,Calculated from synthetic budget and expense scenario
2026-05-01,生产二部,维修费,94322.69,77979.73999999999,-16342.950000000012,0.8267336311125137,green,synthetic_scenario,Calculated from synthetic budget and expense scenario
2026-05-01,生产二部,能源费,207042.89,196072.47,-10970.420000000013,0.9470137805746432,amber,synthetic_scenario,Calculated from synthetic budget and expense scenario
2026-05-01,设备部,其他制造费,79932.2,70115.40000000001,-9816.799999999988,0.877185915063016,green,synthetic_scenario,Calculated from synthetic budget and expense scenario
2026-05-01,设备部,折旧费,172780.53,152979.65,-19800.880000000005,0.8853986615274302,green,synthetic_scenario,Calculated from synthetic budget and expense scenario
2026-05-01,设备部,直接人工,307316.1,273444.81,-33871.28999999998,0.889783548600285,green,synthetic_scenario,Calculated from synthetic budget and expense scenario
2026-05-01,设备部,直接材料,938051.57,814163.3200000001,-123888.24999999988,0.8679302354347108,green,synthetic_scenario,Calculated from synthetic budget and expense scenario
2026-05-01,设备部,维修费,100489.29,89245.52,-11243.76999999999,0.888109767717535,green,synthetic_scenario,Calculated from synthetic budget and expense scenario
2026-05-01,设备部,能源费,169350.23,156953.29,-12396.940000000002,0.9267970288555262,amber,synthetic_scenario,Calculated from synthetic budget and expense scenario
2026-05-01,质量部,其他制造费,88237.84,77857.8,-10380.039999999994,0.8823629408879456,green,synthetic_scenario,Calculated from synthetic budget and expense scenario
2026-05-01,质量部,折旧费,150146.89,146785.62,-3361.2700000000186,0.9776134557299188,amber,synthetic_scenario,Calculated from synthetic budget and expense scenario
2026-05-01,质量部,直接人工,300275.49,292256.56,-8018.929999999993,0.9732947567582023,amber,synthetic_scenario,Calculated from synthetic budget and expense scenario
2026-05-01,质量部,直接材料,869405.26,809341.98,-60063.28000000003,0.9309145196568054,amber,synthetic_scenario,Calculated from synthetic budget and expense scenario
2026-05-01,质量部,维修费,97326.68,95861.65,-1465.0299999999988,0.9849472929724923,amber,synthetic_scenario,Calculated from synthetic budget and expense scenario
2026-05-01,质量部,能源费,196461.16,186475.1,-9986.059999999998,0.9491703092865786,amber,synthetic_scenario,Calculated from synthetic budget and expense scenario
2026-05-01,采购部,其他制造费,78367.42,70795.16,-7572.259999999995,0.9033748973744447,amber,synthetic_scenario,Calculated from synthetic budget and expense scenario
2026-05-01,采购部,折旧费,177193.64,156116.7,-21076.940000000002,0.8810513740786633,green,synthetic_scenario,Calculated from synthetic budget and expense scenario
2026-05-01,采购部,直接人工,286117.01,261330.08000000002,-24786.929999999993,0.913367856039038,amber,synthetic_scenario,Calculated from synthetic budget and expense scenario
2026-05-01,采购部,直接材料,1004852.14,859244.78,-145607.36,0.8550957357766089,green,synthetic_scenario,Calculated from synthetic budget and expense scenario
2026-05-01,采购部,维修费,87638.43,80855.66,-6782.7699999999895,0.9226050717704551,amber,synthetic_scenario,Calculated from synthetic budget and expense scenario
2026-05-01,采购部,能源费,212627.37,189358.52,-23268.850000000006,0.890565123389336,green,synthetic_scenario,Calculated from synthetic budget and expense scenario
2026-06-01,仓储部,其他制造费,86508.82,79044.04,-7464.780000000013,0.9137107638273183,amber,synthetic_scenario,Calculated from synthetic budget and expense scenario
2026-06-01,仓储部,折旧费,158688.02,144465.69,-14222.329999999987,0.9103755280329291,amber,synthetic_scenario,Calculated from synthetic budget and expense scenario
2026-06-01,仓储部,直接人工,276384.74,253744.49,-22640.25,0.9180842979970602,amber,synthetic_scenario,Calculated from synthetic budget and expense scenario
2026-06-01,仓储部,直接材料,913884.81,805901.48,-107983.33000000007,0.881841421568217,green,synthetic_scenario,Calculated from synthetic budget and expense scenario
2026-06-01,仓储部,维修费,94683.31,86503.77,-8179.539999999994,0.9136115963837766,amber,synthetic_scenario,Calculated from synthetic budget and expense scenario
2026-06-01,仓储部,能源费,209521.37,177152.87,-32368.5,0.8455121785429334,green,synthetic_scenario,Calculated from synthetic budget and expense scenario
2026-06-01,生产一部,其他制造费,74936.97,68739.52,-6197.449999999997,0.9172978304300268,amber,synthetic_scenario,Calculated from synthetic budget and expense scenario
2026-06-01,生产一部,折旧费,171121.98,160724.25,-10397.73000000001,0.939237905031253,amber,synthetic_scenario,Calculated from synthetic budget and expense scenario
2026-06-01,生产一部,直接人工,252910.57,216328.81,-36581.76000000001,0.8553569350620656,green,synthetic_scenario,Calculated from synthetic budget and expense scenario
2026-06-01,生产一部,直接材料,955897.76,1103694.8900000001,147797.13000000012,1.1546160438748179,red,synthetic_scenario,Calculated from synthetic budget and expense scenario
2026-06-01,生产一部,维修费,106015.98,91430.16,-14585.819999999992,0.8624186655634368,green,synthetic_scenario,Calculated from synthetic budget and expense scenario
2026-06-01,生产一部,能源费,188796.01,250994.43,62198.419999999984,1.329447746273875,red,synthetic_scenario,Calculated from synthetic budget and expense scenario
2026-06-01,生产二部,其他制造费,77936.27,76814.69,-1121.5800000000017,0.9856090110548016,amber,synthetic_scenario,Calculated from synthetic budget and expense scenario
2026-06-01,生产二部,折旧费,152676.32,139107.36,-13568.960000000021,0.9111259689780313,amber,synthetic_scenario,Calculated from synthetic budget and expense scenario
2026-06-01,生产二部,直接人工,293067.43,245908.42,-47159.00999999998,0.8390847799088422,green,synthetic_scenario,Calculated from synthetic budget and expense scenario
2026-06-01,生产二部,直接材料,890102.92,832967.97,-57134.95000000007,0.935810849828467,amber,synthetic_scenario,Calculated from synthetic budget and expense scenario
2026-06-01,生产二部,维修费,98354.53,90339.05,-8015.479999999996,0.9185042112447693,amber,synthetic_scenario,Calculated from synthetic budget and expense scenario
2026-06-01,生产二部,能源费,203545.26,173497.62,-30047.640000000014,0.8523785815498724,green,synthetic_scenario,Calculated from synthetic budget and expense scenario
2026-06-01,设备部,其他制造费,77077.91,67802.02,-9275.89,0.8796556626924628,green,synthetic_scenario,Calculated from synthetic budget and expense scenario
2026-06-01,设备部,折旧费,179384.99,168922.38,-10462.609999999986,0.941675108937487,amber,synthetic_scenario,Calculated from synthetic budget and expense scenario
2026-06-01,设备部,直接人工,271831.35,253266.91999999998,-18564.429999999993,0.9317060743729522,amber,synthetic_scenario,Calculated from synthetic budget and expense scenario
2026-06-01,设备部,直接材料,937045.22,853782.84,-83262.38,0.9111436905894467,amber,synthetic_scenario,Calculated from synthetic budget and expense scenario
2026-06-01,设备部,维修费,102942.62,95377.05,-7565.569999999992,0.9265069220115051,amber,synthetic_scenario,Calculated from synthetic budget and expense scenario
2026-06-01,设备部,能源费,221483.13,208944.27,-12538.860000000015,0.9433868394400964,amber,synthetic_scenario,Calculated from synthetic budget and expense scenario
2026-06-01,质量部,其他制造费,83432.87,69710.22,-13722.649999999994,0.835524655929971,green,synthetic_scenario,Calculated from synthetic budget and expense scenario
2026-06-01,质量部,折旧费,170615.62,146416.91999999998,-24198.70000000001,0.858168320110433,green,synthetic_scenario,Calculated from synthetic budget and expense scenario
2026-06-01,质量部,直接人工,273454.0,247927.94,-25526.059999999998,0.9066531848135335,amber,synthetic_scenario,Calculated from synthetic budget and expense scenario
2026-06-01,质量部,直接材料,881533.62,813545.02,-67988.59999999998,0.9228746374982273,amber,synthetic_scenario,Calculated from synthetic budget and expense scenario
2026-06-01,质量部,维修费,109447.12,101961.93,-7485.190000000002,0.9316090729477395,amber,synthetic_scenario,Calculated from synthetic budget and expense scenario
2026-06-01,质量部,能源费,204972.89,197352.83000000002,-7620.059999999998,0.9628240593182835,amber,synthetic_scenario,Calculated from synthetic budget and expense scenario
2026-06-01,采购部,其他制造费,89373.95,79619.56,-9754.39,0.8908586898083838,green,synthetic_scenario,Calculated from synthetic budget and expense scenario
2026-06-01,采购部,折旧费,152162.46,136774.9,-15387.559999999998,0.8988741375500896,green,synthetic_scenario,Calculated from synthetic budget and expense scenario
2026-06-01,采购部,直接人工,280428.75,235959.29,-44469.45999999999,0.8414233205404225,green,synthetic_scenario,Calculated from synthetic budget and expense scenario
2026-06-01,采购部,直接材料,952465.39,849613.11,-102852.28000000003,0.8920146799244852,green,synthetic_scenario,Calculated from synthetic budget and expense scenario
2026-06-01,采购部,维修费,92873.7,82606.23,-10267.470000000001,0.8894469586115337,green,synthetic_scenario,Calculated from synthetic budget and expense scenario
2026-06-01,采购部,能源费,204096.97,176554.62,-27542.350000000006,0.8650526266999455,green,synthetic_scenario,Calculated from synthetic budget and expense scenario
2026-07-01,仓储部,其他制造费,83069.53,77559.53,-5510.0,0.9336700231721548,amber,synthetic_scenario,Calculated from synthetic budget and expense scenario
2026-07-01,仓储部,折旧费,182259.54,172288.72,-9970.820000000007,0.9452932888999939,amber,synthetic_scenario,Calculated from synthetic budget and expense scenario
2026-07-01,仓储部,直接人工,290664.8,253181.77000000002,-37483.02999999997,0.8710437934005082,green,synthetic_scenario,Calculated from synthetic budget and expense scenario
2026-07-01,仓储部,直接材料,1029443.13,890360.77,-139082.36,0.864895538231432,green,synthetic_scenario,Calculated from synthetic budget and expense scenario
2026-07-01,仓储部,维修费,96039.28,87320.11,-8719.169999999998,0.909212459735225,amber,synthetic_scenario,Calculated from synthetic budget and expense scenario
2026-07-01,仓储部,能源费,206637.67,190718.84,-15918.830000000016,0.9229625943807824,amber,synthetic_scenario,Calculated from synthetic budget and expense scenario
2026-07-01,生产一部,其他制造费,89676.93,82608.12,-7068.809999999998,0.9211747101512061,amber,synthetic_scenario,Calculated from synthetic budget and expense scenario
2026-07-01,生产一部,折旧费,190022.73,163724.34,-26298.390000000014,0.8616039775873128,green,synthetic_scenario,Calculated from synthetic budget and expense scenario
2026-07-01,生产一部,直接人工,287354.42,255471.78,-31882.639999999985,0.8890476784731552,green,synthetic_scenario,Calculated from synthetic budget and expense scenario
2026-07-01,生产一部,直接材料,938743.91,1170452.82,231708.91000000003,1.2468286691734705,red,synthetic_scenario,Calculated from synthetic budget and expense scenario
2026-07-01,生产一部,维修费,101324.1,94977.85,-6346.25,0.9373668258588036,amber,synthetic_scenario,Calculated from synthetic budget and expense scenario
2026-07-01,生产一部,能源费,188224.82,248760.23,60535.41,1.3216122613372667,red,synthetic_scenario,Calculated from synthetic budget and expense scenario
2026-07-01,生产二部,其他制造费,90674.52,81088.14,-9586.380000000005,0.8942770251223827,green,synthetic_scenario,Calculated from synthetic budget and expense scenario
2026-07-01,生产二部,折旧费,156774.82,149296.28,-7478.540000000008,0.9522975692142398,amber,synthetic_scenario,Calculated from synthetic budget and expense scenario
2026-07-01,生产二部,直接人工,288698.98,242665.76,-46033.21999999997,0.8405494193294345,green,synthetic_scenario,Calculated from synthetic budget and expense scenario
2026-07-01,生产二部,直接材料,1073783.08,941008.03,-132775.05000000005,0.8763483496126611,green,synthetic_scenario,Calculated from synthetic budget and expense scenario
2026-07-01,生产二部,维修费,96415.86,82092.61,-14323.25,0.8514430094799756,green,synthetic_scenario,Calculated from synthetic budget and expense scenario
2026-07-01,生产二部,能源费,213074.87,183219.43,-29855.440000000002,0.8598828665248042,green,synthetic_scenario,Calculated from synthetic budget and expense scenario
2026-07-01,设备部,其他制造费,89679.46,81420.32,-8259.14,0.9079037719451032,amber,synthetic_scenario,Calculated from synthetic budget and expense scenario
2026-07-01,设备部,折旧费,153197.21,141321.93,-11875.279999999999,0.9224837058063916,amber,synthetic_scenario,Calculated from synthetic budget and expense scenario
2026-07-01,设备部,直接人工,276816.93,260774.12,-16042.809999999998,0.9420454160805843,amber,synthetic_scenario,Calculated from synthetic budget and expense scenario
2026-07-01,设备部,直接材料,1130742.37,1036698.78,-94043.59000000008,0.9168302236697825,amber,synthetic_scenario,Calculated from synthetic budget and expense scenario
2026-07-01,设备部,维修费,90444.02,80084.53,-10359.490000000005,0.8854596467516591,green,synthetic_scenario,Calculated from synthetic budget and expense scenario
2026-07-01,设备部,能源费,214273.93,201575.01,-12698.919999999984,0.9407351141597114,amber,synthetic_scenario,Calculated from synthetic budget and expense scenario
2026-07-01,质量部,其他制造费,76582.97,70700.12,-5882.850000000006,0.9231833134703445,amber,synthetic_scenario,Calculated from synthetic budget and expense scenario
2026-07-01,质量部,折旧费,174972.34,164246.09,-10726.25,0.9386974535518013,amber,synthetic_scenario,Calculated from synthetic budget and expense scenario
2026-07-01,质量部,直接人工,307316.14,271290.25,-36025.890000000014,0.88277254165694,green,synthetic_scenario,Calculated from synthetic budget and expense scenario
2026-07-01,质量部,直接材料,1071526.46,960318.21,-111208.25,0.8962151153971504,green,synthetic_scenario,Calculated from synthetic budget and expense scenario
2026-07-01,质量部,维修费,112241.35,105333.01,-6908.340000000011,0.9384510254019574,amber,synthetic_scenario,Calculated from synthetic budget and expense scenario
2026-07-01,质量部,能源费,187192.31,182247.57,-4944.739999999991,0.9735847054828268,amber,synthetic_scenario,Calculated from synthetic budget and expense scenario
2026-07-01,采购部,其他制造费,79899.03,69569.6,-10329.429999999993,0.8707189561625467,green,synthetic_scenario,Calculated from synthetic budget and expense scenario
2026-07-01,采购部,折旧费,171572.74,152752.91999999998,-18819.820000000007,0.8903099641586419,green,synthetic_scenario,Calculated from synthetic budget and expense scenario
2026-07-01,采购部,直接人工,322080.54,293417.66000000003,-28662.879999999946,0.9110071039995153,amber,synthetic_scenario,Calculated from synthetic budget and expense scenario
2026-07-01,采购部,直接材料,1069378.57,974275.05,-95103.52000000002,0.9110665552237501,amber,synthetic_scenario,Calculated from synthetic budget and expense scenario
2026-07-01,采购部,维修费,95266.3,88001.53,-7264.770000000004,0.9237424986590221,amber,synthetic_scenario,Calculated from synthetic budget and expense scenario
2026-07-01,采购部,能源费,212657.22,192987.34,-19669.880000000005,0.9075042925887962,amber,synthetic_scenario,Calculated from synthetic budget and expense scenario
2026-08-01,仓储部,其他制造费,79817.06,74594.02,-5223.039999999994,0.9345623604778227,amber,synthetic_scenario,Calculated from synthetic budget and expense scenario
2026-08-01,仓储部,折旧费,183958.64,168806.26,-15152.380000000005,0.9176315937104123,amber,synthetic_scenario,Calculated from synthetic budget and expense scenario
2026-08-01,仓储部,直接人工,310121.16,278322.68,-31798.47999999998,0.8974643329723132,green,synthetic_scenario,Calculated from synthetic budget and expense scenario
2026-08-01,仓储部,直接材料,1121431.77,1060484.75,-60947.02000000002,0.9456524938650526,amber,synthetic_scenario,Calculated from synthetic budget and expense scenario
2026-08-01,仓储部,维修费,103356.74,95338.21,-8018.529999999999,0.9224188959520202,amber,synthetic_scenario,Calculated from synthetic budget and expense scenario
2026-08-01,仓储部,能源费,219333.0,195101.7,-24231.29999999999,0.8895227804297575,green,synthetic_scenario,Calculated from synthetic budget and expense scenario
2026-08-01,生产一部,其他制造费,97857.17,85489.76999999999,-12367.400000000009,0.8736178452738822,green,synthetic_scenario,Calculated from synthetic budget and expense scenario
2026-08-01,生产一部,折旧费,179497.63,164843.33000000002,-14654.299999999988,0.9183593677532121,amber,synthetic_scenario,Calculated from synthetic budget and expense scenario
2026-08-01,生产一部,直接人工,331977.41,321983.85,-9993.559999999998,0.9698968673802233,amber,synthetic_scenario,Calculated from synthetic budget and expense scenario
2026-08-01,生产一部,直接材料,1029048.66,1380929.61,351880.95000000007,1.341947823925061,red,synthetic_scenario,Calculated from synthetic budget and expense scenario
2026-08-01,生产一部,维修费,97567.64,86021.7,-11545.940000000002,0.8816621986552098,green,synthetic_scenario,Calculated from synthetic budget and expense scenario
2026-08-01,生产一部,能源费,225118.8,283466.34,58347.54000000004,1.2591855500295845,red,synthetic_scenario,Calculated from synthetic budget and expense scenario
2026-08-01,生产二部,其他制造费,83943.55,84669.3,725.75,1.008645691062625,red,synthetic_scenario,Calculated from synthetic budget and expense scenario
2026-08-01,生产二部,折旧费,192226.16,181237.92,-10988.23999999999,0.9428369166818918,amber,synthetic_scenario,Calculated from synthetic budget and expense scenario
2026-08-01,生产二部,直接人工,281852.73,267175.46,-14677.26999999996,0.9479257483154413,amber,synthetic_scenario,Calculated from synthetic budget and expense scenario
2026-08-01,生产二部,直接材料,1139149.55,1014241.71,-124907.84000000008,0.8903499193762574,green,synthetic_scenario,Calculated from synthetic budget and expense scenario
2026-08-01,生产二部,维修费,101185.55,91571.62,-9613.930000000008,0.9049871251379272,amber,synthetic_scenario,Calculated from synthetic budget and expense scenario
2026-08-01,生产二部,能源费,220706.8,211246.45,-9460.349999999977,0.9571361190502514,amber,synthetic_scenario,Calculated from synthetic budget and expense scenario
2026-08-01,设备部,其他制造费,95413.44,88093.06,-7320.380000000005,0.9232772657604631,amber,synthetic_scenario,Calculated from synthetic budget and expense scenario
2026-08-01,设备部,折旧费,172243.26,154314.25,-17929.01000000001,0.8959087862131732,green,synthetic_scenario,Calculated from synthetic budget and expense scenario
2026-08-01,设备部,直接人工,277562.7,245471.57,-32091.130000000005,0.8843824116136643,green,synthetic_scenario,Calculated from synthetic budget and expense scenario
2026-08-01,设备部,直接材料,1063518.82,984863.69,-78655.13000000012,0.9260425593596923,amber,synthetic_scenario,Calculated from synthetic budget and expense scenario
2026-08-01,设备部,维修费,108322.46,94904.25,-13418.210000000006,0.8761271669790365,green,synthetic_scenario,Calculated from synthetic budget and expense scenario
2026-08-01,设备部,能源费,221919.74,208545.87,-13373.869999999995,0.9397355548451887,amber,synthetic_scenario,Calculated from synthetic budget and expense scenario
2026-08-01,质量部,其他制造费,78154.79,70965.23,-7189.559999999998,0.9080087093830078,amber,synthetic_scenario,Calculated from synthetic budget and expense scenario
2026-08-01,质量部,折旧费,188314.92,163628.88999999998,-24686.030000000028,0.8689109179453225,green,synthetic_scenario,Calculated from synthetic budget and expense scenario
2026-08-01,质量部,直接人工,317929.9,286269.13,-31660.77000000002,0.9004158778397375,amber,synthetic_scenario,Calculated from synthetic budget and expense scenario
2026-08-01,质量部,直接材料,1136204.94,1068357.07,-67847.86999999988,0.9402855351077773,amber,synthetic_scenario,Calculated from synthetic budget and expense scenario
2026-08-01,质量部,维修费,103940.34,93297.11,-10643.229999999996,0.8976025092856152,green,synthetic_scenario,Calculated from synthetic budget and expense scenario
2026-08-01,质量部,能源费,198758.79,185714.64,-13044.149999999994,0.9343719590967524,amber,synthetic_scenario,Calculated from synthetic budget and expense scenario
2026-08-01,采购部,其他制造费,81277.67,72556.29000000001,-8721.37999999999,0.89269648108761,green,synthetic_scenario,Calculated from synthetic budget and expense scenario
2026-08-01,采购部,折旧费,158927.92,138223.43,-20704.49000000002,0.8697240233182438,green,synthetic_scenario,Calculated from synthetic budget and expense scenario
2026-08-01,采购部,直接人工,313055.42,277497.94,-35557.47999999998,0.8864179383957,green,synthetic_scenario,Calculated from synthetic budget and expense scenario
2026-08-01,采购部,直接材料,988598.46,897451.45,-91147.01000000001,0.9078017884025431,amber,synthetic_scenario,Calculated from synthetic budget and expense scenario
2026-08-01,采购部,维修费,95167.44,80424.36,-14743.080000000002,0.8450827299757143,green,synthetic_scenario,Calculated from synthetic budget and expense scenario
2026-08-01,采购部,能源费,203377.16,193353.13,-10024.029999999999,0.9507121153624134,amber,synthetic_scenario,Calculated from synthetic budget and expense scenario
2026-09-01,仓储部,其他制造费,94022.23,83949.81,-10072.419999999998,0.8928719303934824,green,synthetic_scenario,Calculated from synthetic budget and expense scenario
2026-09-01,仓储部,折旧费,162710.85,143883.53,-18827.320000000007,0.8842897077853136,green,synthetic_scenario,Calculated from synthetic budget and expense scenario
2026-09-01,仓储部,直接人工,354369.9,301824.78,-52545.119999999995,0.8517223951582795,green,synthetic_scenario,Calculated from synthetic budget and expense scenario
2026-09-01,仓储部,直接材料,1097832.67,1086672.95,-11159.719999999972,0.9898347714501883,amber,synthetic_scenario,Calculated from synthetic budget and expense scenario
2026-09-01,仓储部,维修费,119335.81,102623.46,-16712.34999999999,0.8599552808163786,green,synthetic_scenario,Calculated from synthetic budget and expense scenario
2026-09-01,仓储部,能源费,203309.38,190361.15,-12948.23000000001,0.9363126777524972,amber,synthetic_scenario,Calculated from synthetic budget and expense scenario
2026-09-01,生产一部,其他制造费,80916.8,70393.33,-10523.470000000001,0.8699470320131295,green,synthetic_scenario,Calculated from synthetic budget and expense scenario
2026-09-01,生产一部,折旧费,175432.38,171489.18,-3943.2000000000116,0.9775229635486903,amber,synthetic_scenario,Calculated from synthetic budget and expense scenario
2026-09-01,生产一部,直接人工,345338.67,324026.61,-21312.059999999998,0.9382864942405668,amber,synthetic_scenario,Calculated from synthetic budget and expense scenario
2026-09-01,生产一部,直接材料,1148048.25,1475775.4300000002,327727.18000000017,1.2854646396612688,red,synthetic_scenario,Calculated from synthetic budget and expense scenario
2026-09-01,生产一部,维修费,111169.59,96451.74,-14717.849999999991,0.8676090286921091,green,synthetic_scenario,Calculated from synthetic budget and expense scenario
2026-09-01,生产一部,能源费,214823.92,261754.68,46930.75999999998,1.218461519555178,red,synthetic_scenario,Calculated from synthetic budget and expense scenario
2026-09-01,生产二部,其他制造费,99654.9,97290.08,-2364.8199999999924,0.9762699074506122,amber,synthetic_scenario,Calculated from synthetic budget and expense scenario
2026-09-01,生产二部,折旧费,192596.01,160555.44,-32040.570000000007,0.8336384538807423,green,synthetic_scenario,Calculated from synthetic budget and expense scenario
2026-09-01,生产二部,直接人工,352422.55,308531.54,-43891.01000000001,0.8754591327938578,green,synthetic_scenario,Calculated from synthetic budget and expense scenario
2026-09-01,生产二部,直接材料,975591.09,883984.54,-91606.54999999993,0.9061014897132774,amber,synthetic_scenario,Calculated from synthetic budget and expense scenario
2026-09-01,生产二部,维修费,110999.99,94733.62,-16266.37000000001,0.853456112923974,green,synthetic_scenario,Calculated from synthetic budget and expense scenario
2026-09-01,生产二部,能源费,225374.28,194908.07,-30466.209999999992,0.8648194904937689,green,synthetic_scenario,Calculated from synthetic budget and expense scenario
2026-09-01,设备部,其他制造费,94929.58,89084.0,-5845.580000000002,0.9384219333952599,amber,synthetic_scenario,Calculated from synthetic budget and expense scenario
2026-09-01,设备部,折旧费,197722.17,175328.46,-22393.71000000002,0.8867415323228548,green,synthetic_scenario,Calculated from synthetic budget and expense scenario
2026-09-01,设备部,直接人工,322341.5,292966.07,-29375.429999999993,0.908868606741608,amber,synthetic_scenario,Calculated from synthetic budget and expense scenario
2026-09-01,设备部,直接材料,1218874.45,1095539.02,-123335.42999999993,0.8988120310504499,green,synthetic_scenario,Calculated from synthetic budget and expense scenario
2026-09-01,设备部,维修费,121974.47,109225.64,-12748.830000000002,0.8954795212473561,green,synthetic_scenario,Calculated from synthetic budget and expense scenario
2026-09-01,设备部,能源费,242194.96,220829.12,-21365.839999999997,0.9117824747467907,amber,synthetic_scenario,Calculated from synthetic budget and expense scenario
2026-09-01,质量部,其他制造费,98618.12,90873.09,-7745.029999999999,0.9214644327026311,amber,synthetic_scenario,Calculated from synthetic budget and expense scenario
2026-09-01,质量部,折旧费,177702.96,154271.63,-23431.329999999987,0.8681432768480616,green,synthetic_scenario,Calculated from synthetic budget and expense scenario
2026-09-01,质量部,直接人工,348438.05,323913.43,-24524.619999999995,0.9296155514588604,amber,synthetic_scenario,Calculated from synthetic budget and expense scenario
2026-09-01,质量部,直接材料,981962.54,927951.27,-54011.27000000002,0.9449966085264312,amber,synthetic_scenario,Calculated from synthetic budget and expense scenario
2026-09-01,质量部,维修费,100102.43,92171.77,-7930.659999999989,0.920774550627792,amber,synthetic_scenario,Calculated from synthetic budget and expense scenario
2026-09-01,质量部,能源费,238779.18,221358.64,-17420.53999999998,0.9270433041942769,amber,synthetic_scenario,Calculated from synthetic budget and expense scenario
2026-09-01,采购部,其他制造费,96578.82,86266.82,-10312.0,0.8932271071441958,green,synthetic_scenario,Calculated from synthetic budget and expense scenario
2026-09-01,采购部,折旧费,175451.71,145160.01,-30291.699999999983,0.8273502150534755,green,synthetic_scenario,Calculated from synthetic budget and expense scenario
2026-09-01,采购部,直接人工,330212.86,305026.45,-25186.409999999974,0.923726744015966,amber,synthetic_scenario,Calculated from synthetic budget and expense scenario
2026-09-01,采购部,直接材料,987394.47,872809.87,-114584.59999999998,0.8839525605202144,green,synthetic_scenario,Calculated from synthetic budget and expense scenario
2026-09-01,采购部,维修费,108204.67,101884.85,-6319.819999999992,0.9415938332421327,amber,synthetic_scenario,Calculated from synthetic budget and expense scenario
2026-09-01,采购部,能源费,198306.92,173998.78,-24308.140000000014,0.8774216250244822,green,synthetic_scenario,Calculated from synthetic budget and expense scenario
2026-10-01,仓储部,其他制造费,87348.95,87159.20000000001,-189.74999999998545,0.9978276785238978,amber,synthetic_scenario,Calculated from synthetic budget and expense scenario
2026-10-01,仓储部,折旧费,175141.27,156791.75,-18349.51999999999,0.8952301761886277,green,synthetic_scenario,Calculated from synthetic budget and expense scenario
2026-10-01,仓储部,直接人工,290717.34,261117.97,-29599.370000000024,0.8981850549403072,green,synthetic_scenario,Calculated from synthetic budget and expense scenario
2026-10-01,仓储部,直接材料,1238891.86,1235482.42,-3409.440000000177,0.9972479922501063,amber,synthetic_scenario,Calculated from synthetic budget and expense scenario
2026-10-01,仓储部,维修费,120553.49,107642.47,-12911.020000000004,0.8929021465906959,green,synthetic_scenario,Calculated from synthetic budget and expense scenario
2026-10-01,仓储部,能源费,202697.49,175296.64,-27400.849999999977,0.8648189970186608,green,synthetic_scenario,Calculated from synthetic budget and expense scenario
2026-10-01,生产一部,其他制造费,102506.25,96926.87,-5579.380000000005,0.9455703432717517,amber,synthetic_scenario,Calculated from synthetic budget and expense scenario
2026-10-01,生产一部,折旧费,200851.24,199843.39,-1007.8499999999767,0.9949821071555248,amber,synthetic_scenario,Calculated from synthetic budget and expense scenario
2026-10-01,生产一部,直接人工,350547.25,315137.66,-35409.590000000026,0.8989876828302032,green,synthetic_scenario,Calculated from synthetic budget and expense scenario
2026-10-01,生产一部,直接材料,1076883.03,1414506.34,337623.31000000006,1.3135190179382807,red,synthetic_scenario,Calculated from synthetic budget and expense scenario
2026-10-01,生产一部,维修费,105840.81,92195.02,-13645.789999999994,0.8710725097436424,green,synthetic_scenario,Calculated from synthetic budget and expense scenario
2026-10-01,生产一部,能源费,217217.2,296445.72,79228.51999999996,1.3647433076202067,red,synthetic_scenario,Calculated from synthetic budget and expense scenario
2026-10-01,生产二部,其他制造费,84756.1,76056.07,-8700.029999999999,0.8973521669826715,green,synthetic_scenario,Calculated from synthetic budget and expense scenario
2026-10-01,生产二部,折旧费,183325.5,151036.77,-32288.73000000001,0.8238721290818789,green,synthetic_scenario,Calculated from synthetic budget and expense scenario
2026-10-01,生产二部,直接人工,291631.72,276025.55,-15606.169999999984,0.9464867196202115,amber,synthetic_scenario,Calculated from synthetic budget and expense scenario
2026-10-01,生产二部,直接材料,1200731.89,1131331.37,-69400.51999999979,0.9422014851292075,amber,synthetic_scenario,Calculated from synthetic budget and expense scenario
2026-10-01,生产二部,维修费,105707.63,97064.01,-8643.62000000001,0.9182308788873612,amber,synthetic_scenario,Calculated from synthetic budget and expense scenario
2026-10-01,生产二部,能源费,226191.69,203624.01,-22567.679999999993,0.9002276343573895,amber,synthetic_scenario,Calculated from synthetic budget and expense scenario
2026-10-01,设备部,其他制造费,85574.71,79815.73,-5758.9800000000105,0.9327023135690439,amber,synthetic_scenario,Calculated from synthetic budget and expense scenario
2026-10-01,设备部,折旧费,184945.38,156641.97,-28303.410000000003,0.8469634115758934,green,synthetic_scenario,Calculated from synthetic budget and expense scenario
2026-10-01,设备部,直接人工,351195.03,303864.81,-47330.22000000003,0.8652309515883524,green,synthetic_scenario,Calculated from synthetic budget and expense scenario
2026-10-01,设备部,直接材料,1063138.83,975234.6,-87904.2300000001,0.9173163207668747,amber,synthetic_scenario,Calculated from synthetic budget and expense scenario
2026-10-01,设备部,维修费,122235.6,109577.54000000001,-12658.059999999998,0.8964453890683238,green,synthetic_scenario,Calculated from synthetic budget and expense scenario
2026-10-01,设备部,能源费,199699.7,183723.72999999998,-15975.97000000003,0.9200000300451125,amber,synthetic_scenario,Calculated from synthetic budget and expense scenario
2026-10-01,质量部,其他制造费,83711.15,76101.83,-7609.319999999992,0.9091002811453434,amber,synthetic_scenario,Calculated from synthetic budget and expense scenario
2026-10-01,质量部,折旧费,193344.12,170627.9,-22716.22,0.8825088655398468,green,synthetic_scenario,Calculated from synthetic budget and expense scenario
2026-10-01,质量部,直接人工,356092.35,323660.36,-32431.98999999999,0.9089225309108718,amber,synthetic_scenario,Calculated from synthetic budget and expense scenario
2026-10-01,质量部,直接材料,1200176.41,1099607.01,-100569.3999999999,0.9162044853056228,amber,synthetic_scenario,Calculated from synthetic budget and expense scenario
2026-10-01,质量部,维修费,123376.13,116709.92,-6666.210000000006,0.9459683976146763,amber,synthetic_scenario,Calculated from synthetic budget and expense scenario
2026-10-01,质量部,能源费,217591.97,171984.01,-45607.95999999999,0.7903968606929751,green,synthetic_scenario,Calculated from synthetic budget and expense scenario
2026-10-01,采购部,其他制造费,97988.68,85008.02,-12980.659999999989,0.8675289839601882,green,synthetic_scenario,Calculated from synthetic budget and expense scenario
2026-10-01,采购部,折旧费,193340.41,163274.0,-30066.410000000003,0.8444897784172486,green,synthetic_scenario,Calculated from synthetic budget and expense scenario
2026-10-01,采购部,直接人工,354249.63,313766.15,-40483.47999999998,0.8857204734412849,green,synthetic_scenario,Calculated from synthetic budget and expense scenario
2026-10-01,采购部,直接材料,1048649.2,940082.47,-108566.72999999998,0.8964699253096269,green,synthetic_scenario,Calculated from synthetic budget and expense scenario
2026-10-01,采购部,维修费,105527.63,95244.01,-10283.62000000001,0.9025504505312968,amber,synthetic_scenario,Calculated from synthetic budget and expense scenario
2026-10-01,采购部,能源费,211224.31,184931.16,-26293.149999999994,0.8755202466988767,green,synthetic_scenario,Calculated from synthetic budget and expense scenario
2026-11-01,仓储部,其他制造费,99465.55,91683.15,-7782.400000000009,0.9217578347478096,amber,synthetic_scenario,Calculated from synthetic budget and expense scenario
2026-11-01,仓储部,折旧费,192202.49,169271.1,-22931.389999999985,0.8806915040486729,green,synthetic_scenario,Calculated from synthetic budget and expense scenario
2026-11-01,仓储部,直接人工,330443.03,311146.82,-19296.21000000002,0.9416050324922877,amber,synthetic_scenario,Calculated from synthetic budget and expense scenario
2026-11-01,仓储部,直接材料,1271617.15,1187142.25,-84474.8999999999,0.9335689204883719,amber,synthetic_scenario,Calculated from synthetic budget and expense scenario
2026-11-01,仓储部,维修费,122932.6,111784.38,-11148.220000000001,0.9093143722657782,amber,synthetic_scenario,Calculated from synthetic budget and expense scenario
2026-11-01,仓储部,能源费,245195.1,203712.97,-41482.130000000005,0.8308199062705576,green,synthetic_scenario,Calculated from synthetic budget and expense scenario
2026-11-01,生产一部,其他制造费,97591.2,94267.56,-3323.6399999999994,0.9659432407840052,amber,synthetic_scenario,Calculated from synthetic budget and expense scenario
2026-11-01,生产一部,折旧费,193944.48,176911.85,-17032.630000000005,0.9121778046995718,amber,synthetic_scenario,Calculated from synthetic budget and expense scenario
2026-11-01,生产一部,直接人工,318846.95,308410.64,-10436.309999999998,0.9672685907768602,amber,synthetic_scenario,Calculated from synthetic budget and expense scenario
2026-11-01,生产一部,直接材料,1054724.07,1274485.6099999999,219761.5399999998,1.2083592725820695,red,synthetic_scenario,Calculated from synthetic budget and expense scenario
2026-11-01,生产一部,维修费,107593.99,99456.72,-8137.270000000004,0.924370589844284,amber,synthetic_scenario,Calculated from synthetic budget and expense scenario
2026-11-01,生产一部,能源费,231144.65,280200.25,49055.600000000006,1.2122290089777117,red,synthetic_scenario,Calculated from synthetic budget and expense scenario
2026-11-01,生产二部,其他制造费,91547.35,82019.72,-9527.630000000005,0.8959267526585969,green,synthetic_scenario,Calculated from synthetic budget and expense scenario
2026-11-01,生产二部,折旧费,194953.86,191100.65,-3853.209999999992,0.98023527207925,amber,synthetic_scenario,Calculated from synthetic budget and expense scenario
2026-11-01,生产二部,直接人工,359750.08,340850.23,-18899.850000000035,0.9474639449697967,amber,synthetic_scenario,Calculated from synthetic budget and expense scenario
2026-11-01,生产二部,直接材料,1121169.24,1052969.05,-68200.18999999994,0.9391704770637482,amber,synthetic_scenario,Calculated from synthetic budget and expense scenario
2026-11-01,生产二部,维修费,115322.14,104502.26,-10819.880000000005,0.9061769058395899,amber,synthetic_scenario,Calculated from synthetic budget and expense scenario
2026-11-01,生产二部,能源费,226905.14,209076.64,-17828.5,0.921427518124975,amber,synthetic_scenario,Calculated from synthetic budget and expense scenario
2026-11-01,设备部,其他制造费,97727.55,82356.42,-15371.130000000005,0.8427144648566346,green,synthetic_scenario,Calculated from synthetic budget and expense scenario
2026-11-01,设备部,折旧费,184407.69,160114.96,-24292.73000000001,0.868266176969084,green,synthetic_scenario,Calculated from synthetic budget and expense scenario
2026-11-01,设备部,直接人工,355358.37,305587.32,-49771.04999999999,0.85994124747927,green,synthetic_scenario,Calculated from synthetic budget and expense scenario
2026-11-01,设备部,直接材料,1053377.75,1030101.4400000001,-23276.30999999994,0.9779031691147835,amber,synthetic_scenario,Calculated from synthetic budget and expense scenario
2026-11-01,设备部,维修费,106427.6,105980.01000000001,-447.5899999999965,0.9957944179893186,amber,synthetic_scenario,Calculated from synthetic budget and expense scenario
2026-11-01,设备部,能源费,209278.38,178607.05,-30671.330000000016,0.8534424339485043,green,synthetic_scenario,Calculated from synthetic budget and expense scenario
2026-11-01,质量部,其他制造费,98369.85,84899.48,-13470.37000000001,0.8630640384223417,green,synthetic_scenario,Calculated from synthetic budget and expense scenario
2026-11-01,质量部,折旧费,209555.31,192773.11000000002,-16782.199999999983,0.9199151765708061,amber,synthetic_scenario,Calculated from synthetic budget and expense scenario
2026-11-01,质量部,直接人工,367349.21,305564.17,-61785.04000000004,0.8318084310022062,green,synthetic_scenario,Calculated from synthetic budget and expense scenario
2026-11-01,质量部,直接材料,1309727.87,1231521.5,-78206.37000000011,0.9402880767895699,amber,synthetic_scenario,Calculated from synthetic budget and expense scenario
2026-11-01,质量部,维修费,112910.11,107814.22,-5095.889999999999,0.9548677261938723,amber,synthetic_scenario,Calculated from synthetic budget and expense scenario
2026-11-01,质量部,能源费,243037.33,235362.66999999998,-7674.6600000000035,0.9684218881107688,amber,synthetic_scenario,Calculated from synthetic budget and expense scenario
2026-11-01,采购部,其他制造费,97513.36,86619.68,-10893.680000000008,0.8882852565022884,green,synthetic_scenario,Calculated from synthetic budget and expense scenario
2026-11-01,采购部,折旧费,198235.08,186293.22,-11941.859999999986,0.9397590981374235,amber,synthetic_scenario,Calculated from synthetic budget and expense scenario
2026-11-01,采购部,直接人工,325879.89,300790.04000000004,-25089.849999999977,0.9230089036792053,amber,synthetic_scenario,Calculated from synthetic budget and expense scenario
2026-11-01,采购部,直接材料,1126469.66,1075902.27,-50567.3899999999,0.9551098517824262,amber,synthetic_scenario,Calculated from synthetic budget and expense scenario
2026-11-01,采购部,维修费,125321.97,112804.72,-12517.25,0.9001192687922157,amber,synthetic_scenario,Calculated from synthetic budget and expense scenario
2026-11-01,采购部,能源费,238097.78,212101.1,-25996.679999999993,0.8908151096578893,green,synthetic_scenario,Calculated from synthetic budget and expense scenario
2026-12-01,仓储部,其他制造费,91865.25,86847.87,-5017.380000000005,0.9453832651628336,amber,synthetic_scenario,Calculated from synthetic budget and expense scenario
2026-12-01,仓储部,折旧费,187229.04,170082.48,-17146.559999999998,0.908419334949322,amber,synthetic_scenario,Calculated from synthetic budget and expense scenario
2026-12-01,仓储部,直接人工,322825.93,280553.32,-42272.609999999986,0.8690544777490458,green,synthetic_scenario,Calculated from synthetic budget and expense scenario
2026-12-01,仓储部,直接材料,1140233.07,1084727.8699999999,-55505.200000000186,0.9513211803267553,amber,synthetic_scenario,Calculated from synthetic budget and expense scenario
2026-12-01,仓储部,维修费,121491.62,98898.44,-22593.179999999993,0.8140350750117581,green,synthetic_scenario,Calculated from synthetic budget and expense scenario
2026-12-01,仓储部,能源费,267244.81,243975.69,-23269.119999999995,0.9129295719531466,amber,synthetic_scenario,Calculated from synthetic budget and expense scenario
2026-12-01,生产一部,其他制造费,95477.2,84929.78,-10547.419999999998,0.8895294373944774,green,synthetic_scenario,Calculated from synthetic budget and expense scenario
2026-12-01,生产一部,折旧费,195105.71,181968.9,-13136.809999999998,0.9326682443071502,amber,synthetic_scenario,Calculated from synthetic budget and expense scenario
2026-12-01,生产一部,直接人工,388306.07,336051.07,-52255.0,0.8654283204998573,green,synthetic_scenario,Calculated from synthetic budget and expense scenario
2026-12-01,生产一部,直接材料,1140337.01,1577651.08,437314.07000000007,1.383495463327986,red,synthetic_scenario,Calculated from synthetic budget and expense scenario
2026-12-01,生产一部,维修费,127327.91,128396.0,1068.0899999999965,1.0083884986410285,red,synthetic_scenario,Calculated from synthetic budget and expense scenario
2026-12-01,生产一部,能源费,227743.36,306404.79,78661.43,1.3453950534496373,red,synthetic_scenario,Calculated from synthetic budget and expense scenario
2026-12-01,生产二部,其他制造费,111205.64,103316.47,-7889.169999999998,0.929057824765003,amber,synthetic_scenario,Calculated from synthetic budget and expense scenario
2026-12-01,生产二部,折旧费,190877.66,160456.02,-30421.640000000014,0.8406223127420988,green,synthetic_scenario,Calculated from synthetic budget and expense scenario
2026-12-01,生产二部,直接人工,372621.35,305409.71,-67211.63999999996,0.819624828260646,green,synthetic_scenario,Calculated from synthetic budget and expense scenario
2026-12-01,生产二部,直接材料,1134864.68,1023667.37,-111197.30999999994,0.9020171197855942,amber,synthetic_scenario,Calculated from synthetic budget and expense scenario
2026-12-01,生产二部,维修费,126567.8,108762.4,-17805.40000000001,0.8593212491644794,green,synthetic_scenario,Calculated from synthetic budget and expense scenario
2026-12-01,生产二部,能源费,265470.54,246591.68,-18878.859999999986,0.9288852917540305,amber,synthetic_scenario,Calculated from synthetic budget and expense scenario
2026-12-01,设备部,其他制造费,105789.71,89905.98,-15883.73000000001,0.8498556239543523,green,synthetic_scenario,Calculated from synthetic budget and expense scenario
2026-12-01,设备部,折旧费,218596.58,198013.56,-20583.01999999999,0.9058401554132275,amber,synthetic_scenario,Calculated from synthetic budget and expense scenario
2026-12-01,设备部,直接人工,326159.25,296629.07,-29530.179999999993,0.9094608538620321,amber,synthetic_scenario,Calculated from synthetic budget and expense scenario
2026-12-01,设备部,直接材料,1099105.12,1016318.85,-82786.27000000014,0.9246784784334368,amber,synthetic_scenario,Calculated from synthetic budget and expense scenario
2026-12-01,设备部,维修费,125195.81,117585.89,-7609.919999999998,0.9392158571441009,amber,synthetic_scenario,Calculated from synthetic budget and expense scenario
2026-12-01,设备部,能源费,265102.92,255073.25,-10029.669999999984,0.9621668822055978,amber,synthetic_scenario,Calculated from synthetic budget and expense scenario
2026-12-01,质量部,其他制造费,93908.87,91355.69,-2553.179999999993,0.9728121528882203,amber,synthetic_scenario,Calculated from synthetic budget and expense scenario
2026-12-01,质量部,折旧费,207801.14,200326.44,-7474.700000000012,0.9640295524846495,amber,synthetic_scenario,Calculated from synthetic budget and expense scenario
2026-12-01,质量部,直接人工,309736.37,275766.4,-33969.96999999997,0.8903261828761021,green,synthetic_scenario,Calculated from synthetic budget and expense scenario
2026-12-01,质量部,直接材料,1193490.98,1101724.73,-91766.25,0.9231110653220018,amber,synthetic_scenario,Calculated from synthetic budget and expense scenario
2026-12-01,质量部,维修费,122434.68,107819.12,-14615.559999999998,0.880625652797067,green,synthetic_scenario,Calculated from synthetic budget and expense scenario
2026-12-01,质量部,能源费,248148.86,208265.34,-39883.51999999999,0.839275828226654,green,synthetic_scenario,Calculated from synthetic budget and expense scenario
2026-12-01,采购部,其他制造费,101992.7,97397.61,-4595.0899999999965,0.9549468736488004,amber,synthetic_scenario,Calculated from synthetic budget and expense scenario
2026-12-01,采购部,折旧费,216896.86,197479.36,-19417.5,0.9104758824078873,amber,synthetic_scenario,Calculated from synthetic budget and expense scenario
2026-12-01,采购部,直接人工,350187.98,311828.95999999996,-38359.02000000002,0.8904616314928913,green,synthetic_scenario,Calculated from synthetic budget and expense scenario
2026-12-01,采购部,直接材料,1226051.37,1103648.96,-122402.41000000015,0.9001653495154937,amber,synthetic_scenario,Calculated from synthetic budget and expense scenario
2026-12-01,采购部,维修费,130974.4,115703.26,-15271.14,0.8834036269683235,green,synthetic_scenario,Calculated from synthetic budget and expense scenario
2026-12-01,采购部,能源费,264048.26,239990.37,-24057.890000000014,0.9088882842856074,amber,synthetic_scenario,Calculated from synthetic budget and expense scenario
