country,shipment_lines,line_item_value_usd,on_time_rate,average_delay_days
Nigeria,1194,350272104.87,0.88107202680067,-11.224455611390285
Zambia,683,246988840.41,0.8418740849194729,-5.234260614934114
Mozambique,631,182024690.72,0.8161648177496038,-1.2091917591125199
Tanzania,519,129459495.65,0.8728323699421965,-4.394990366088632
Côte d'Ivoire,1083,120884500.89,0.876269621421976,-5.3804247460757155
South Africa,1406,108670145.47,0.9182076813655761,-12.224039829302987
Zimbabwe,538,104439960.51,0.8568773234200744,-11.007434944237918
Uganda,779,96197336.16,0.8741976893453145,-7.581514762516046
Rwanda,430,71127583.08,0.913953488372093,-5.293023255813954
Vietnam,688,56974405.86,0.9912790697674418,-0.3502906976744186
Haiti,655,43502785.9,0.9053435114503817,-2.427480916030534
Kenya,111,33931560.98,0.8738738738738738,0.8918918918918919
