month,usage_kwh,average_interval_kwh,co2_tonnes,lagging_power_factor
2018-01,126238.29,42.41878024193548,53.99,86.3602688172043
2018-02,91497.34,34.03918898809523,39.24,86.53518601190476
2018-03,80230.41,26.959143145161292,33.64,83.34635080645161
2018-04,78769.8,27.350625,33.35,81.52309375
2018-05,79059.28,26.565618279569893,33.51,79.13209677419354
2018-06,65404.64,22.709944444444446,27.1,77.30618750000001
2018-07,81674.41,27.444358198924732,35.02,80.46487567204301
2018-08,68559.43,23.037442876344084,28.44,75.37792002688172
2018-09,57883.07,20.098288194444443,23.92,74.22088541666666
2018-10,84665.65,28.449479166666666,35.81,73.71496303763442
2018-11,86217.61,29.93667013888889,36.52,80.46739236111111
2018-12,59436.78,19.97203629032258,23.27,88.78025201612904
