hour,average_interval_kwh,total_usage_kwh,observations,hour_label
0,7.8700753424657535,11490.31,1460,00:00
1,6.072479452054794,8865.82,1460,01:00
2,4.428390410958904,6465.45,1460,02:00
3,4.358041095890411,6362.74,1460,03:00
4,4.309438356164383,6291.78,1460,04:00
5,4.245547945205479,6198.5,1460,05:00
6,4.223705479452055,6166.61,1460,06:00
7,4.502075342465753,6573.03,1460,07:00
8,37.70479452054794,55049.0,1460,08:00
9,58.55173287671233,85485.53,1460,09:00
10,55.87473287671233,81577.11,1460,10:00
11,57.09745890410959,83362.29,1460,11:00
12,18.461000000000002,26953.06,1460,12:00
13,39.0195,56968.47,1460,13:00
14,56.1552602739726,81986.68,1460,14:00
15,55.63754109589041,81230.81,1460,15:00
16,55.79958219178082,81467.39,1460,16:00
17,43.83309589041096,63996.32,1460,17:00
18,33.020931506849315,48210.56,1460,18:00
19,38.208513698630135,55784.43,1460,19:00
20,37.47722602739726,54716.75,1460,20:00
21,13.777363013698631,20114.95,1460,21:00
22,8.658917808219178,12642.02,1460,22:00
23,7.998013698630137,11677.1,1460,23:00
