month,peak_usage_kwh,shoulder_usage_kwh,offpeak_usage_kwh,observed_peak_kw
2018-01,66367.38,39847.08,20023.83,612.56
2018-02,44077.83,30230.53,17188.98,582.04
2018-03,51151.71,24843.7,4235.0,605.24
2018-04,49478.41,25457.16,3834.23,556.12
2018-05,49619.43,25796.86,3642.9900000000002,560.16
2018-06,40408.56,21656.65,3339.43,535.4
2018-07,51054.42,27175.03,3444.96,486.72
2018-08,43192.01,22137.46,3229.96,534.8
2018-09,37481.65,17246.33,3155.09,510.48
2018-10,52145.32,27872.92,4647.41,557.72
2018-11,54228.6,26882.44,5106.57,628.72
2018-12,39826.02,15298.88,4311.88,596.72
