parameter,scenario,parameter_value,total_cost_cny,load_shift_share,peak_shave_share,change_vs_base_pct,sensitivity_key
综合电价倍率,基准情景,0.8,851981.8632,0.0,0.0,-0.14572057706612251,综合电价倍率|基准情景|0.8
综合电价倍率,轻度优化,0.8,829965.09504,0.05,0.03,-0.16779671836794574,综合电价倍率|轻度优化|0.8
综合电价倍率,强化优化,0.8,802534.9828799999,0.1,0.08,-0.1953008019631567,综合电价倍率|强化优化|0.8
综合电价倍率,基准情景,1.0,997310.529,0.0,0.0,0.0,综合电价倍率|基准情景|1.0
综合电价倍率,轻度优化,1.0,971819.5728000001,0.05,0.03,-0.025559698267258457,综合电价倍率|轻度优化|1.0
综合电价倍率,强化优化,1.0,940915.2726,0.1,0.08,-0.05654733882790475,综合电价倍率|强化优化|1.0
综合电价倍率,基准情景,1.2,1142639.1948,0.0,0.0,0.14572057706612251,综合电价倍率|基准情景|1.2
综合电价倍率,轻度优化,1.2,1113674.05056,0.05,0.03,0.1166773218334285,综合电价倍率|轻度优化|1.2
综合电价倍率,强化优化,1.2,1079295.56232,0.1,0.08,0.08220612430734708,综合电价倍率|强化优化|1.2
需量费单价,基准情景,25.0,895810.3290000001,0.0,0.0,-0.10177391800101998,需量费单价|基准情景|25.0
需量费单价,轻度优化,25.0,873364.3788,0.05,0.03,-0.12428039872824814,需量费单价|轻度优化|25.0
需量费单价,强化优化,25.0,847535.0886,0.1,0.08,-0.1501793433888433,需量费单价|强化优化|25.0
需量费单价,基准情景,40.0,997310.529,0.0,0.0,0.0,需量费单价|基准情景|40.0
需量费单价,轻度优化,40.0,971819.5728000001,0.05,0.03,-0.025559698267258457,需量费单价|轻度优化|40.0
需量费单价,强化优化,40.0,940915.2726,0.1,0.08,-0.05654733882790475,需量费单价|强化优化|40.0
需量费单价,基准情景,55.0,1098810.7289999998,0.0,0.0,0.10177391800101998,需量费单价|基准情景|55.0
需量费单价,轻度优化,55.0,1070274.7668,0.05,0.03,0.073161002193731,需量费单价|轻度优化|55.0
需量费单价,强化优化,55.0,1034295.4565999999,0.1,0.08,0.037084665733033706,需量费单价|强化优化|55.0
