week_status,tariff_period,load_type,usage_kwh,observations,average_interval_kwh,max_interval_kwh,observed_peak_kw,profile_key,interval_minutes
Weekday,峰,Light_Load,20338.01,664,30.629533132530117,140.29,561.16,Weekday|峰|Light_Load,15
Weekday,峰,Maximum_Load,307545.83,4504,68.28282193605685,151.67,606.68,Weekday|峰|Maximum_Load,15
Weekday,峰,Medium_Load,174630.18,3184,54.8461620603015,157.18,628.72,Weekday|峰|Medium_Load,15
Weekday,平,Light_Load,53324.84,2348,22.71074957410562,137.09,548.36,Weekday|平|Light_Load,15
Weekday,平,Maximum_Load,66687.4,1128,59.1200354609929,149.65,598.6,Weekday|平|Maximum_Load,15
Weekday,平,Medium_Load,161974.48,3832,42.26891440501044,142.7,570.8,Weekday|平|Medium_Load,15
Weekday,谷,Light_Load,45123.88,8156,5.532599313388916,107.82,431.28,Weekday|谷|Light_Load,15
Weekday,谷,Maximum_Load,6957.3,320,21.7415625,107.89,431.56,Weekday|谷|Maximum_Load,15
Weekday,谷,Medium_Load,5919.24,920,6.43395652173913,106.27,425.08,Weekday|谷|Medium_Load,15
Weekend,峰,Light_Load,8140.7,1623,5.015834873690696,111.92,447.68,Weekend|峰|Light_Load,15
Weekend,峰,Maximum_Load,45592.0,1040,43.83846153846154,127.98,511.92,Weekend|峰|Maximum_Load,15
Weekend,峰,Medium_Load,22784.62,665,34.26258646616541,133.42,533.68,Weekend|峰|Medium_Load,15
Weekend,平,Light_Load,12511.17,1812,6.9046192052980135,112.36,449.44,Weekend|平|Light_Load,15
Weekend,平,Maximum_Load,3367.25,220,15.305681818181819,90.58,362.32,Weekend|平|Maximum_Load,15
Weekend,平,Medium_Load,6579.9,880,7.47715909090909,93.31,373.24,Weekend|平|Medium_Load,15
Weekend,谷,Light_Load,16454.21,3469,4.743214182761602,104.72,418.88,Weekend|谷|Light_Load,15
Weekend,谷,Maximum_Load,827.58,60,13.793000000000001,91.19,364.76,Weekend|谷|Maximum_Load,15
Weekend,谷,Medium_Load,878.12,215,4.084279069767442,57.53,230.12,Weekend|谷|Medium_Load,15
