manufacturing site,shipment_lines,line_item_value_usd,on_time_rate
Mylan (formerly Matrix) Nashik,1415,435676514.32,0.8508833922261484
"Aurobindo Unit III, India",3172,335536958.82,0.8660151324085751
Hetero Unit III Hyderabad IN,869,213881678.46,0.8515535097813579
"Cipla, Goa, India",665,130580065.09,0.843609022556391
"Alere Medical Co., Ltd.",481,101329040.42,0.841995841995842
"Strides, Bangalore, India.",540,84560731.65,0.8240740740740741
Inverness Japan,345,53397373.94,0.9333333333333333
ABBVIE Ludwigshafen Germany,366,50044887.69,0.9316939890710383
"Aurobindo Unit VII, IN",111,47782596.88,0.7837837837837838
"Aspen-OSD, Port Elizabeth, SA",141,29691889.96,0.9929078014184397
"Trinity Biotech, Plc",405,23075222.36,0.9975308641975309
Cipla Ltd A-42 MIDC Mahar. IN,17,14680946.45,0.9411764705882353
