delivery_year,shipment_lines,line_item_value_usd,on_time_rate,average_delay_days,known_freight_usd,freight_rows,freight_numeric_coverage
2006,65,4844512.44,1.0,-1.0615384615384615,287018.73,43,0.6615384615384615
2007,671,59636228.17,0.9836065573770492,-0.4202682563338301,2940323.56,425,0.6333830104321908
2008,1108,113542681.01,0.9855595667870036,-13.314981949458483,5301838.01,610,0.5505415162454874
2009,1192,131690555.82000001,0.9630872483221476,-7.726510067114094,4967509.36,671,0.5629194630872483
2010,1176,161160835.88,0.8520408163265306,-6.0688775510204085,7120701.85,760,0.6462585034013606
2011,1049,229399084.3,0.7616777883698761,-1.4594852240228788,8900745.01,797,0.7597712106768351
2012,1253,240299574.95,0.9146049481245012,-13.053471667996808,11046320.65,852,0.6799680766161214
2013,1240,221855446.41,0.8419354838709677,-4.92741935483871,11515896.84,823,0.6637096774193548
2014,1573,265671840.38,0.8296249205340115,-1.319135410044501,11045102.87,839,0.533375715193897
2015,997,199483697.93,0.8796389167502507,-4.6780341023069205,5692392.53,378,0.3791374122367101
