month,department,account,budget_amount,source_class,source_note
2026-01-01,生产一部,直接材料,905610.04,synthetic_scenario,Scenario budget generated from disclosed seasonal rules
2026-01-01,生产一部,直接人工,254735.29,synthetic_scenario,Scenario budget generated from disclosed seasonal rules
2026-01-01,生产一部,能源费,155908.33,synthetic_scenario,Scenario budget generated from disclosed seasonal rules
2026-01-01,生产一部,维修费,84024.06,synthetic_scenario,Scenario budget generated from disclosed seasonal rules
2026-01-01,生产一部,折旧费,139072.63,synthetic_scenario,Scenario budget generated from disclosed seasonal rules
2026-01-01,生产一部,其他制造费,73433.2,synthetic_scenario,Scenario budget generated from disclosed seasonal rules
2026-01-01,生产二部,直接材料,855663.45,synthetic_scenario,Scenario budget generated from disclosed seasonal rules
2026-01-01,生产二部,直接人工,232369.26,synthetic_scenario,Scenario budget generated from disclosed seasonal rules
2026-01-01,生产二部,能源费,165132.06,synthetic_scenario,Scenario budget generated from disclosed seasonal rules
2026-01-01,生产二部,维修费,76671.68,synthetic_scenario,Scenario budget generated from disclosed seasonal rules
2026-01-01,生产二部,折旧费,145578.4,synthetic_scenario,Scenario budget generated from disclosed seasonal rules
2026-01-01,生产二部,其他制造费,62344.43,synthetic_scenario,Scenario budget generated from disclosed seasonal rules
2026-01-01,设备部,直接材料,874086.79,synthetic_scenario,Scenario budget generated from disclosed seasonal rules
2026-01-01,设备部,直接人工,224919.2,synthetic_scenario,Scenario budget generated from disclosed seasonal rules
2026-01-01,设备部,能源费,157546.03,synthetic_scenario,Scenario budget generated from disclosed seasonal rules
2026-01-01,设备部,维修费,79700.28,synthetic_scenario,Scenario budget generated from disclosed seasonal rules
2026-01-01,设备部,折旧费,120872.32,synthetic_scenario,Scenario budget generated from disclosed seasonal rules
2026-01-01,设备部,其他制造费,72455.38,synthetic_scenario,Scenario budget generated from disclosed seasonal rules
2026-01-01,质量部,直接材料,901899.66,synthetic_scenario,Scenario budget generated from disclosed seasonal rules
2026-01-01,质量部,直接人工,224951.34,synthetic_scenario,Scenario budget generated from disclosed seasonal rules
2026-01-01,质量部,能源费,181206.87,synthetic_scenario,Scenario budget generated from disclosed seasonal rules
2026-01-01,质量部,维修费,87035.19,synthetic_scenario,Scenario budget generated from disclosed seasonal rules
2026-01-01,质量部,折旧费,143108.0,synthetic_scenario,Scenario budget generated from disclosed seasonal rules
2026-01-01,质量部,其他制造费,60544.73,synthetic_scenario,Scenario budget generated from disclosed seasonal rules
2026-01-01,仓储部,直接材料,895348.9,synthetic_scenario,Scenario budget generated from disclosed seasonal rules
2026-01-01,仓储部,直接人工,215494.07,synthetic_scenario,Scenario budget generated from disclosed seasonal rules
2026-01-01,仓储部,能源费,172875.37,synthetic_scenario,Scenario budget generated from disclosed seasonal rules
2026-01-01,仓储部,维修费,72816.34,synthetic_scenario,Scenario budget generated from disclosed seasonal rules
2026-01-01,仓储部,折旧费,137717.97,synthetic_scenario,Scenario budget generated from disclosed seasonal rules
2026-01-01,仓储部,其他制造费,72727.95,synthetic_scenario,Scenario budget generated from disclosed seasonal rules
2026-01-01,采购部,直接材料,788359.71,synthetic_scenario,Scenario budget generated from disclosed seasonal rules
2026-01-01,采购部,直接人工,253657.63,synthetic_scenario,Scenario budget generated from disclosed seasonal rules
2026-01-01,采购部,能源费,148001.04,synthetic_scenario,Scenario budget generated from disclosed seasonal rules
2026-01-01,采购部,维修费,89990.42,synthetic_scenario,Scenario budget generated from disclosed seasonal rules
2026-01-01,采购部,折旧费,147210.49,synthetic_scenario,Scenario budget generated from disclosed seasonal rules
2026-01-01,采购部,其他制造费,73174.8,synthetic_scenario,Scenario budget generated from disclosed seasonal rules
2026-02-01,生产一部,直接材料,909005.9,synthetic_scenario,Scenario budget generated from disclosed seasonal rules
2026-02-01,生产一部,直接人工,245777.06,synthetic_scenario,Scenario budget generated from disclosed seasonal rules
2026-02-01,生产一部,能源费,159612.97,synthetic_scenario,Scenario budget generated from disclosed seasonal rules
2026-02-01,生产一部,维修费,88569.57,synthetic_scenario,Scenario budget generated from disclosed seasonal rules
2026-02-01,生产一部,折旧费,135598.57,synthetic_scenario,Scenario budget generated from disclosed seasonal rules
2026-02-01,生产一部,其他制造费,72279.88,synthetic_scenario,Scenario budget generated from disclosed seasonal rules
2026-02-01,生产二部,直接材料,850607.61,synthetic_scenario,Scenario budget generated from disclosed seasonal rules
2026-02-01,生产二部,直接人工,269892.1,synthetic_scenario,Scenario budget generated from disclosed seasonal rules
2026-02-01,生产二部,能源费,161637.82,synthetic_scenario,Scenario budget generated from disclosed seasonal rules
2026-02-01,生产二部,维修费,89036.35,synthetic_scenario,Scenario budget generated from disclosed seasonal rules
2026-02-01,生产二部,折旧费,131747.8,synthetic_scenario,Scenario budget generated from disclosed seasonal rules
2026-02-01,生产二部,其他制造费,62242.84,synthetic_scenario,Scenario budget generated from disclosed seasonal rules
2026-02-01,设备部,直接材料,945338.7,synthetic_scenario,Scenario budget generated from disclosed seasonal rules
2026-02-01,设备部,直接人工,217616.2,synthetic_scenario,Scenario budget generated from disclosed seasonal rules
2026-02-01,设备部,能源费,166168.09,synthetic_scenario,Scenario budget generated from disclosed seasonal rules
2026-02-01,设备部,维修费,84750.44,synthetic_scenario,Scenario budget generated from disclosed seasonal rules
2026-02-01,设备部,折旧费,143417.75,synthetic_scenario,Scenario budget generated from disclosed seasonal rules
2026-02-01,设备部,其他制造费,64173.35,synthetic_scenario,Scenario budget generated from disclosed seasonal rules
2026-02-01,质量部,直接材料,862810.58,synthetic_scenario,Scenario budget generated from disclosed seasonal rules
2026-02-01,质量部,直接人工,226334.65,synthetic_scenario,Scenario budget generated from disclosed seasonal rules
2026-02-01,质量部,能源费,156434.68,synthetic_scenario,Scenario budget generated from disclosed seasonal rules
2026-02-01,质量部,维修费,94021.18,synthetic_scenario,Scenario budget generated from disclosed seasonal rules
2026-02-01,质量部,折旧费,124476.85,synthetic_scenario,Scenario budget generated from disclosed seasonal rules
2026-02-01,质量部,其他制造费,72981.66,synthetic_scenario,Scenario budget generated from disclosed seasonal rules
2026-02-01,仓储部,直接材料,773600.94,synthetic_scenario,Scenario budget generated from disclosed seasonal rules
2026-02-01,仓储部,直接人工,229362.03,synthetic_scenario,Scenario budget generated from disclosed seasonal rules
2026-02-01,仓储部,能源费,154285.74,synthetic_scenario,Scenario budget generated from disclosed seasonal rules
2026-02-01,仓储部,维修费,82359.62,synthetic_scenario,Scenario budget generated from disclosed seasonal rules
2026-02-01,仓储部,折旧费,155954.34,synthetic_scenario,Scenario budget generated from disclosed seasonal rules
2026-02-01,仓储部,其他制造费,65394.39,synthetic_scenario,Scenario budget generated from disclosed seasonal rules
2026-02-01,采购部,直接材料,756230.42,synthetic_scenario,Scenario budget generated from disclosed seasonal rules
2026-02-01,采购部,直接人工,262806.72,synthetic_scenario,Scenario budget generated from disclosed seasonal rules
2026-02-01,采购部,能源费,152161.95,synthetic_scenario,Scenario budget generated from disclosed seasonal rules
2026-02-01,采购部,维修费,80425.9,synthetic_scenario,Scenario budget generated from disclosed seasonal rules
2026-02-01,采购部,折旧费,152384.58,synthetic_scenario,Scenario budget generated from disclosed seasonal rules
2026-02-01,采购部,其他制造费,66322.29,synthetic_scenario,Scenario budget generated from disclosed seasonal rules
2026-03-01,生产一部,直接材料,852365.55,synthetic_scenario,Scenario budget generated from disclosed seasonal rules
2026-03-01,生产一部,直接人工,242561.07,synthetic_scenario,Scenario budget generated from disclosed seasonal rules
2026-03-01,生产一部,能源费,182834.39,synthetic_scenario,Scenario budget generated from disclosed seasonal rules
2026-03-01,生产一部,维修费,91559.5,synthetic_scenario,Scenario budget generated from disclosed seasonal rules
2026-03-01,生产一部,折旧费,148930.04,synthetic_scenario,Scenario budget generated from disclosed seasonal rules
2026-03-01,生产一部,其他制造费,65639.77,synthetic_scenario,Scenario budget generated from disclosed seasonal rules
2026-03-01,生产二部,直接材料,837271.19,synthetic_scenario,Scenario budget generated from disclosed seasonal rules
2026-03-01,生产二部,直接人工,260079.02,synthetic_scenario,Scenario budget generated from disclosed seasonal rules
2026-03-01,生产二部,能源费,174888.19,synthetic_scenario,Scenario budget generated from disclosed seasonal rules
2026-03-01,生产二部,维修费,88238.76,synthetic_scenario,Scenario budget generated from disclosed seasonal rules
2026-03-01,生产二部,折旧费,147715.39,synthetic_scenario,Scenario budget generated from disclosed seasonal rules
2026-03-01,生产二部,其他制造费,72771.45,synthetic_scenario,Scenario budget generated from disclosed seasonal rules
2026-03-01,设备部,直接材料,937662.04,synthetic_scenario,Scenario budget generated from disclosed seasonal rules
2026-03-01,设备部,直接人工,263488.26,synthetic_scenario,Scenario budget generated from disclosed seasonal rules
2026-03-01,设备部,能源费,167991.1,synthetic_scenario,Scenario budget generated from disclosed seasonal rules
2026-03-01,设备部,维修费,87396.94,synthetic_scenario,Scenario budget generated from disclosed seasonal rules
2026-03-01,设备部,折旧费,130971.84,synthetic_scenario,Scenario budget generated from disclosed seasonal rules
2026-03-01,设备部,其他制造费,81115.87,synthetic_scenario,Scenario budget generated from disclosed seasonal rules
2026-03-01,质量部,直接材料,797923.66,synthetic_scenario,Scenario budget generated from disclosed seasonal rules
2026-03-01,质量部,直接人工,236244.05,synthetic_scenario,Scenario budget generated from disclosed seasonal rules
2026-03-01,质量部,能源费,161175.83,synthetic_scenario,Scenario budget generated from disclosed seasonal rules
2026-03-01,质量部,维修费,78979.03,synthetic_scenario,Scenario budget generated from disclosed seasonal rules
2026-03-01,质量部,折旧费,156928.37,synthetic_scenario,Scenario budget generated from disclosed seasonal rules
2026-03-01,质量部,其他制造费,79854.69,synthetic_scenario,Scenario budget generated from disclosed seasonal rules
2026-03-01,仓储部,直接材料,921527.37,synthetic_scenario,Scenario budget generated from disclosed seasonal rules
2026-03-01,仓储部,直接人工,265936.67,synthetic_scenario,Scenario budget generated from disclosed seasonal rules
2026-03-01,仓储部,能源费,181689.94,synthetic_scenario,Scenario budget generated from disclosed seasonal rules
2026-03-01,仓储部,维修费,91972.95,synthetic_scenario,Scenario budget generated from disclosed seasonal rules
2026-03-01,仓储部,折旧费,162969.4,synthetic_scenario,Scenario budget generated from disclosed seasonal rules
2026-03-01,仓储部,其他制造费,78959.73,synthetic_scenario,Scenario budget generated from disclosed seasonal rules
2026-03-01,采购部,直接材料,876187.78,synthetic_scenario,Scenario budget generated from disclosed seasonal rules
2026-03-01,采购部,直接人工,263690.6,synthetic_scenario,Scenario budget generated from disclosed seasonal rules
2026-03-01,采购部,能源费,189922.82,synthetic_scenario,Scenario budget generated from disclosed seasonal rules
2026-03-01,采购部,维修费,84208.26,synthetic_scenario,Scenario budget generated from disclosed seasonal rules
2026-03-01,采购部,折旧费,154997.27,synthetic_scenario,Scenario budget generated from disclosed seasonal rules
2026-03-01,采购部,其他制造费,69172.97,synthetic_scenario,Scenario budget generated from disclosed seasonal rules
2026-04-01,生产一部,直接材料,927210.77,synthetic_scenario,Scenario budget generated from disclosed seasonal rules
2026-04-01,生产一部,直接人工,255007.94,synthetic_scenario,Scenario budget generated from disclosed seasonal rules
2026-04-01,生产一部,能源费,200700.84,synthetic_scenario,Scenario budget generated from disclosed seasonal rules
2026-04-01,生产一部,维修费,81575.92,synthetic_scenario,Scenario budget generated from disclosed seasonal rules
2026-04-01,生产一部,折旧费,144208.93,synthetic_scenario,Scenario budget generated from disclosed seasonal rules
2026-04-01,生产一部,其他制造费,75589.22,synthetic_scenario,Scenario budget generated from disclosed seasonal rules
2026-04-01,生产二部,直接材料,924468.33,synthetic_scenario,Scenario budget generated from disclosed seasonal rules
2026-04-01,生产二部,直接人工,291029.8,synthetic_scenario,Scenario budget generated from disclosed seasonal rules
2026-04-01,生产二部,能源费,170551.15,synthetic_scenario,Scenario budget generated from disclosed seasonal rules
2026-04-01,生产二部,维修费,99846.45,synthetic_scenario,Scenario budget generated from disclosed seasonal rules
2026-04-01,生产二部,折旧费,143077.83,synthetic_scenario,Scenario budget generated from disclosed seasonal rules
2026-04-01,生产二部,其他制造费,75042.51,synthetic_scenario,Scenario budget generated from disclosed seasonal rules
2026-04-01,设备部,直接材料,822942.51,synthetic_scenario,Scenario budget generated from disclosed seasonal rules
2026-04-01,设备部,直接人工,257725.6,synthetic_scenario,Scenario budget generated from disclosed seasonal rules
2026-04-01,设备部,能源费,204968.58,synthetic_scenario,Scenario budget generated from disclosed seasonal rules
2026-04-01,设备部,维修费,98885.4,synthetic_scenario,Scenario budget generated from disclosed seasonal rules
2026-04-01,设备部,折旧费,165289.35,synthetic_scenario,Scenario budget generated from disclosed seasonal rules
2026-04-01,设备部,其他制造费,74137.15,synthetic_scenario,Scenario budget generated from disclosed seasonal rules
2026-04-01,质量部,直接材料,946950.41,synthetic_scenario,Scenario budget generated from disclosed seasonal rules
2026-04-01,质量部,直接人工,245298.87,synthetic_scenario,Scenario budget generated from disclosed seasonal rules
2026-04-01,质量部,能源费,183455.21,synthetic_scenario,Scenario budget generated from disclosed seasonal rules
2026-04-01,质量部,维修费,92038.74,synthetic_scenario,Scenario budget generated from disclosed seasonal rules
2026-04-01,质量部,折旧费,134812.47,synthetic_scenario,Scenario budget generated from disclosed seasonal rules
2026-04-01,质量部,其他制造费,81351.47,synthetic_scenario,Scenario budget generated from disclosed seasonal rules
2026-04-01,仓储部,直接材料,1013746.36,synthetic_scenario,Scenario budget generated from disclosed seasonal rules
2026-04-01,仓储部,直接人工,247087.57,synthetic_scenario,Scenario budget generated from disclosed seasonal rules
2026-04-01,仓储部,能源费,191447.16,synthetic_scenario,Scenario budget generated from disclosed seasonal rules
2026-04-01,仓储部,维修费,87392.4,synthetic_scenario,Scenario budget generated from disclosed seasonal rules
2026-04-01,仓储部,折旧费,163218.65,synthetic_scenario,Scenario budget generated from disclosed seasonal rules
2026-04-01,仓储部,其他制造费,79341.23,synthetic_scenario,Scenario budget generated from disclosed seasonal rules
2026-04-01,采购部,直接材料,1027144.72,synthetic_scenario,Scenario budget generated from disclosed seasonal rules
2026-04-01,采购部,直接人工,238975.89,synthetic_scenario,Scenario budget generated from disclosed seasonal rules
2026-04-01,采购部,能源费,197442.1,synthetic_scenario,Scenario budget generated from disclosed seasonal rules
2026-04-01,采购部,维修费,99868.3,synthetic_scenario,Scenario budget generated from disclosed seasonal rules
2026-04-01,采购部,折旧费,154572.07,synthetic_scenario,Scenario budget generated from disclosed seasonal rules
2026-04-01,采购部,其他制造费,70461.95,synthetic_scenario,Scenario budget generated from disclosed seasonal rules
2026-05-01,生产一部,直接材料,991703.41,synthetic_scenario,Scenario budget generated from disclosed seasonal rules
2026-05-01,生产一部,直接人工,286661.5,synthetic_scenario,Scenario budget generated from disclosed seasonal rules
2026-05-01,生产一部,能源费,209800.54,synthetic_scenario,Scenario budget generated from disclosed seasonal rules
2026-05-01,生产一部,维修费,100437.96,synthetic_scenario,Scenario budget generated from disclosed seasonal rules
2026-05-01,生产一部,折旧费,151425.2,synthetic_scenario,Scenario budget generated from disclosed seasonal rules
2026-05-01,生产一部,其他制造费,72175.39,synthetic_scenario,Scenario budget generated from disclosed seasonal rules
2026-05-01,生产二部,直接材料,1020847.75,synthetic_scenario,Scenario budget generated from disclosed seasonal rules
2026-05-01,生产二部,直接人工,294047.16,synthetic_scenario,Scenario budget generated from disclosed seasonal rules
2026-05-01,生产二部,能源费,207042.89,synthetic_scenario,Scenario budget generated from disclosed seasonal rules
2026-05-01,生产二部,维修费,94322.69,synthetic_scenario,Scenario budget generated from disclosed seasonal rules
2026-05-01,生产二部,折旧费,140152.99,synthetic_scenario,Scenario budget generated from disclosed seasonal rules
2026-05-01,生产二部,其他制造费,86869.47,synthetic_scenario,Scenario budget generated from disclosed seasonal rules
2026-05-01,设备部,直接材料,938051.57,synthetic_scenario,Scenario budget generated from disclosed seasonal rules
2026-05-01,设备部,直接人工,307316.1,synthetic_scenario,Scenario budget generated from disclosed seasonal rules
2026-05-01,设备部,能源费,169350.23,synthetic_scenario,Scenario budget generated from disclosed seasonal rules
2026-05-01,设备部,维修费,100489.29,synthetic_scenario,Scenario budget generated from disclosed seasonal rules
2026-05-01,设备部,折旧费,172780.53,synthetic_scenario,Scenario budget generated from disclosed seasonal rules
2026-05-01,设备部,其他制造费,79932.2,synthetic_scenario,Scenario budget generated from disclosed seasonal rules
2026-05-01,质量部,直接材料,869405.26,synthetic_scenario,Scenario budget generated from disclosed seasonal rules
2026-05-01,质量部,直接人工,300275.49,synthetic_scenario,Scenario budget generated from disclosed seasonal rules
2026-05-01,质量部,能源费,196461.16,synthetic_scenario,Scenario budget generated from disclosed seasonal rules
2026-05-01,质量部,维修费,97326.68,synthetic_scenario,Scenario budget generated from disclosed seasonal rules
2026-05-01,质量部,折旧费,150146.89,synthetic_scenario,Scenario budget generated from disclosed seasonal rules
2026-05-01,质量部,其他制造费,88237.84,synthetic_scenario,Scenario budget generated from disclosed seasonal rules
2026-05-01,仓储部,直接材料,949406.72,synthetic_scenario,Scenario budget generated from disclosed seasonal rules
2026-05-01,仓储部,直接人工,283166.2,synthetic_scenario,Scenario budget generated from disclosed seasonal rules
2026-05-01,仓储部,能源费,198874.34,synthetic_scenario,Scenario budget generated from disclosed seasonal rules
2026-05-01,仓储部,维修费,90065.17,synthetic_scenario,Scenario budget generated from disclosed seasonal rules
2026-05-01,仓储部,折旧费,161028.55,synthetic_scenario,Scenario budget generated from disclosed seasonal rules
2026-05-01,仓储部,其他制造费,82788.96,synthetic_scenario,Scenario budget generated from disclosed seasonal rules
2026-05-01,采购部,直接材料,1004852.14,synthetic_scenario,Scenario budget generated from disclosed seasonal rules
2026-05-01,采购部,直接人工,286117.01,synthetic_scenario,Scenario budget generated from disclosed seasonal rules
2026-05-01,采购部,能源费,212627.37,synthetic_scenario,Scenario budget generated from disclosed seasonal rules
2026-05-01,采购部,维修费,87638.43,synthetic_scenario,Scenario budget generated from disclosed seasonal rules
2026-05-01,采购部,折旧费,177193.64,synthetic_scenario,Scenario budget generated from disclosed seasonal rules
2026-05-01,采购部,其他制造费,78367.42,synthetic_scenario,Scenario budget generated from disclosed seasonal rules
2026-06-01,生产一部,直接材料,955897.76,synthetic_scenario,Scenario budget generated from disclosed seasonal rules
2026-06-01,生产一部,直接人工,252910.57,synthetic_scenario,Scenario budget generated from disclosed seasonal rules
2026-06-01,生产一部,能源费,188796.01,synthetic_scenario,Scenario budget generated from disclosed seasonal rules
2026-06-01,生产一部,维修费,106015.98,synthetic_scenario,Scenario budget generated from disclosed seasonal rules
2026-06-01,生产一部,折旧费,171121.98,synthetic_scenario,Scenario budget generated from disclosed seasonal rules
2026-06-01,生产一部,其他制造费,74936.97,synthetic_scenario,Scenario budget generated from disclosed seasonal rules
2026-06-01,生产二部,直接材料,890102.92,synthetic_scenario,Scenario budget generated from disclosed seasonal rules
2026-06-01,生产二部,直接人工,293067.43,synthetic_scenario,Scenario budget generated from disclosed seasonal rules
2026-06-01,生产二部,能源费,203545.26,synthetic_scenario,Scenario budget generated from disclosed seasonal rules
2026-06-01,生产二部,维修费,98354.53,synthetic_scenario,Scenario budget generated from disclosed seasonal rules
2026-06-01,生产二部,折旧费,152676.32,synthetic_scenario,Scenario budget generated from disclosed seasonal rules
2026-06-01,生产二部,其他制造费,77936.27,synthetic_scenario,Scenario budget generated from disclosed seasonal rules
2026-06-01,设备部,直接材料,937045.22,synthetic_scenario,Scenario budget generated from disclosed seasonal rules
2026-06-01,设备部,直接人工,271831.35,synthetic_scenario,Scenario budget generated from disclosed seasonal rules
2026-06-01,设备部,能源费,221483.13,synthetic_scenario,Scenario budget generated from disclosed seasonal rules
2026-06-01,设备部,维修费,102942.62,synthetic_scenario,Scenario budget generated from disclosed seasonal rules
2026-06-01,设备部,折旧费,179384.99,synthetic_scenario,Scenario budget generated from disclosed seasonal rules
2026-06-01,设备部,其他制造费,77077.91,synthetic_scenario,Scenario budget generated from disclosed seasonal rules
2026-06-01,质量部,直接材料,881533.62,synthetic_scenario,Scenario budget generated from disclosed seasonal rules
2026-06-01,质量部,直接人工,273454.0,synthetic_scenario,Scenario budget generated from disclosed seasonal rules
2026-06-01,质量部,能源费,204972.89,synthetic_scenario,Scenario budget generated from disclosed seasonal rules
2026-06-01,质量部,维修费,109447.12,synthetic_scenario,Scenario budget generated from disclosed seasonal rules
2026-06-01,质量部,折旧费,170615.62,synthetic_scenario,Scenario budget generated from disclosed seasonal rules
2026-06-01,质量部,其他制造费,83432.87,synthetic_scenario,Scenario budget generated from disclosed seasonal rules
2026-06-01,仓储部,直接材料,913884.81,synthetic_scenario,Scenario budget generated from disclosed seasonal rules
2026-06-01,仓储部,直接人工,276384.74,synthetic_scenario,Scenario budget generated from disclosed seasonal rules
2026-06-01,仓储部,能源费,209521.37,synthetic_scenario,Scenario budget generated from disclosed seasonal rules
2026-06-01,仓储部,维修费,94683.31,synthetic_scenario,Scenario budget generated from disclosed seasonal rules
2026-06-01,仓储部,折旧费,158688.02,synthetic_scenario,Scenario budget generated from disclosed seasonal rules
2026-06-01,仓储部,其他制造费,86508.82,synthetic_scenario,Scenario budget generated from disclosed seasonal rules
2026-06-01,采购部,直接材料,952465.39,synthetic_scenario,Scenario budget generated from disclosed seasonal rules
2026-06-01,采购部,直接人工,280428.75,synthetic_scenario,Scenario budget generated from disclosed seasonal rules
2026-06-01,采购部,能源费,204096.97,synthetic_scenario,Scenario budget generated from disclosed seasonal rules
2026-06-01,采购部,维修费,92873.7,synthetic_scenario,Scenario budget generated from disclosed seasonal rules
2026-06-01,采购部,折旧费,152162.46,synthetic_scenario,Scenario budget generated from disclosed seasonal rules
2026-06-01,采购部,其他制造费,89373.95,synthetic_scenario,Scenario budget generated from disclosed seasonal rules
2026-07-01,生产一部,直接材料,938743.91,synthetic_scenario,Scenario budget generated from disclosed seasonal rules
2026-07-01,生产一部,直接人工,287354.42,synthetic_scenario,Scenario budget generated from disclosed seasonal rules
2026-07-01,生产一部,能源费,188224.82,synthetic_scenario,Scenario budget generated from disclosed seasonal rules
2026-07-01,生产一部,维修费,101324.1,synthetic_scenario,Scenario budget generated from disclosed seasonal rules
2026-07-01,生产一部,折旧费,190022.73,synthetic_scenario,Scenario budget generated from disclosed seasonal rules
2026-07-01,生产一部,其他制造费,89676.93,synthetic_scenario,Scenario budget generated from disclosed seasonal rules
2026-07-01,生产二部,直接材料,1073783.08,synthetic_scenario,Scenario budget generated from disclosed seasonal rules
2026-07-01,生产二部,直接人工,288698.98,synthetic_scenario,Scenario budget generated from disclosed seasonal rules
2026-07-01,生产二部,能源费,213074.87,synthetic_scenario,Scenario budget generated from disclosed seasonal rules
2026-07-01,生产二部,维修费,96415.86,synthetic_scenario,Scenario budget generated from disclosed seasonal rules
2026-07-01,生产二部,折旧费,156774.82,synthetic_scenario,Scenario budget generated from disclosed seasonal rules
2026-07-01,生产二部,其他制造费,90674.52,synthetic_scenario,Scenario budget generated from disclosed seasonal rules
2026-07-01,设备部,直接材料,1130742.37,synthetic_scenario,Scenario budget generated from disclosed seasonal rules
2026-07-01,设备部,直接人工,276816.93,synthetic_scenario,Scenario budget generated from disclosed seasonal rules
2026-07-01,设备部,能源费,214273.93,synthetic_scenario,Scenario budget generated from disclosed seasonal rules
2026-07-01,设备部,维修费,90444.02,synthetic_scenario,Scenario budget generated from disclosed seasonal rules
2026-07-01,设备部,折旧费,153197.21,synthetic_scenario,Scenario budget generated from disclosed seasonal rules
2026-07-01,设备部,其他制造费,89679.46,synthetic_scenario,Scenario budget generated from disclosed seasonal rules
2026-07-01,质量部,直接材料,1071526.46,synthetic_scenario,Scenario budget generated from disclosed seasonal rules
2026-07-01,质量部,直接人工,307316.14,synthetic_scenario,Scenario budget generated from disclosed seasonal rules
2026-07-01,质量部,能源费,187192.31,synthetic_scenario,Scenario budget generated from disclosed seasonal rules
2026-07-01,质量部,维修费,112241.35,synthetic_scenario,Scenario budget generated from disclosed seasonal rules
2026-07-01,质量部,折旧费,174972.34,synthetic_scenario,Scenario budget generated from disclosed seasonal rules
2026-07-01,质量部,其他制造费,76582.97,synthetic_scenario,Scenario budget generated from disclosed seasonal rules
2026-07-01,仓储部,直接材料,1029443.13,synthetic_scenario,Scenario budget generated from disclosed seasonal rules
2026-07-01,仓储部,直接人工,290664.8,synthetic_scenario,Scenario budget generated from disclosed seasonal rules
2026-07-01,仓储部,能源费,206637.67,synthetic_scenario,Scenario budget generated from disclosed seasonal rules
2026-07-01,仓储部,维修费,96039.28,synthetic_scenario,Scenario budget generated from disclosed seasonal rules
2026-07-01,仓储部,折旧费,182259.54,synthetic_scenario,Scenario budget generated from disclosed seasonal rules
2026-07-01,仓储部,其他制造费,83069.53,synthetic_scenario,Scenario budget generated from disclosed seasonal rules
2026-07-01,采购部,直接材料,1069378.57,synthetic_scenario,Scenario budget generated from disclosed seasonal rules
2026-07-01,采购部,直接人工,322080.54,synthetic_scenario,Scenario budget generated from disclosed seasonal rules
2026-07-01,采购部,能源费,212657.22,synthetic_scenario,Scenario budget generated from disclosed seasonal rules
2026-07-01,采购部,维修费,95266.3,synthetic_scenario,Scenario budget generated from disclosed seasonal rules
2026-07-01,采购部,折旧费,171572.74,synthetic_scenario,Scenario budget generated from disclosed seasonal rules
2026-07-01,采购部,其他制造费,79899.03,synthetic_scenario,Scenario budget generated from disclosed seasonal rules
2026-08-01,生产一部,直接材料,1029048.66,synthetic_scenario,Scenario budget generated from disclosed seasonal rules
2026-08-01,生产一部,直接人工,331977.41,synthetic_scenario,Scenario budget generated from disclosed seasonal rules
2026-08-01,生产一部,能源费,225118.8,synthetic_scenario,Scenario budget generated from disclosed seasonal rules
2026-08-01,生产一部,维修费,97567.64,synthetic_scenario,Scenario budget generated from disclosed seasonal rules
2026-08-01,生产一部,折旧费,179497.63,synthetic_scenario,Scenario budget generated from disclosed seasonal rules
2026-08-01,生产一部,其他制造费,97857.17,synthetic_scenario,Scenario budget generated from disclosed seasonal rules
2026-08-01,生产二部,直接材料,1139149.55,synthetic_scenario,Scenario budget generated from disclosed seasonal rules
2026-08-01,生产二部,直接人工,281852.73,synthetic_scenario,Scenario budget generated from disclosed seasonal rules
2026-08-01,生产二部,能源费,220706.8,synthetic_scenario,Scenario budget generated from disclosed seasonal rules
2026-08-01,生产二部,维修费,101185.55,synthetic_scenario,Scenario budget generated from disclosed seasonal rules
2026-08-01,生产二部,折旧费,192226.16,synthetic_scenario,Scenario budget generated from disclosed seasonal rules
2026-08-01,生产二部,其他制造费,83943.55,synthetic_scenario,Scenario budget generated from disclosed seasonal rules
2026-08-01,设备部,直接材料,1063518.82,synthetic_scenario,Scenario budget generated from disclosed seasonal rules
2026-08-01,设备部,直接人工,277562.7,synthetic_scenario,Scenario budget generated from disclosed seasonal rules
2026-08-01,设备部,能源费,221919.74,synthetic_scenario,Scenario budget generated from disclosed seasonal rules
2026-08-01,设备部,维修费,108322.46,synthetic_scenario,Scenario budget generated from disclosed seasonal rules
2026-08-01,设备部,折旧费,172243.26,synthetic_scenario,Scenario budget generated from disclosed seasonal rules
2026-08-01,设备部,其他制造费,95413.44,synthetic_scenario,Scenario budget generated from disclosed seasonal rules
2026-08-01,质量部,直接材料,1136204.94,synthetic_scenario,Scenario budget generated from disclosed seasonal rules
2026-08-01,质量部,直接人工,317929.9,synthetic_scenario,Scenario budget generated from disclosed seasonal rules
2026-08-01,质量部,能源费,198758.79,synthetic_scenario,Scenario budget generated from disclosed seasonal rules
2026-08-01,质量部,维修费,103940.34,synthetic_scenario,Scenario budget generated from disclosed seasonal rules
2026-08-01,质量部,折旧费,188314.92,synthetic_scenario,Scenario budget generated from disclosed seasonal rules
2026-08-01,质量部,其他制造费,78154.79,synthetic_scenario,Scenario budget generated from disclosed seasonal rules
2026-08-01,仓储部,直接材料,1121431.77,synthetic_scenario,Scenario budget generated from disclosed seasonal rules
2026-08-01,仓储部,直接人工,310121.16,synthetic_scenario,Scenario budget generated from disclosed seasonal rules
2026-08-01,仓储部,能源费,219333.0,synthetic_scenario,Scenario budget generated from disclosed seasonal rules
2026-08-01,仓储部,维修费,103356.74,synthetic_scenario,Scenario budget generated from disclosed seasonal rules
2026-08-01,仓储部,折旧费,183958.64,synthetic_scenario,Scenario budget generated from disclosed seasonal rules
2026-08-01,仓储部,其他制造费,79817.06,synthetic_scenario,Scenario budget generated from disclosed seasonal rules
2026-08-01,采购部,直接材料,988598.46,synthetic_scenario,Scenario budget generated from disclosed seasonal rules
2026-08-01,采购部,直接人工,313055.42,synthetic_scenario,Scenario budget generated from disclosed seasonal rules
2026-08-01,采购部,能源费,203377.16,synthetic_scenario,Scenario budget generated from disclosed seasonal rules
2026-08-01,采购部,维修费,95167.44,synthetic_scenario,Scenario budget generated from disclosed seasonal rules
2026-08-01,采购部,折旧费,158927.92,synthetic_scenario,Scenario budget generated from disclosed seasonal rules
2026-08-01,采购部,其他制造费,81277.67,synthetic_scenario,Scenario budget generated from disclosed seasonal rules
2026-09-01,生产一部,直接材料,1148048.25,synthetic_scenario,Scenario budget generated from disclosed seasonal rules
2026-09-01,生产一部,直接人工,345338.67,synthetic_scenario,Scenario budget generated from disclosed seasonal rules
2026-09-01,生产一部,能源费,214823.92,synthetic_scenario,Scenario budget generated from disclosed seasonal rules
2026-09-01,生产一部,维修费,111169.59,synthetic_scenario,Scenario budget generated from disclosed seasonal rules
2026-09-01,生产一部,折旧费,175432.38,synthetic_scenario,Scenario budget generated from disclosed seasonal rules
2026-09-01,生产一部,其他制造费,80916.8,synthetic_scenario,Scenario budget generated from disclosed seasonal rules
2026-09-01,生产二部,直接材料,975591.09,synthetic_scenario,Scenario budget generated from disclosed seasonal rules
2026-09-01,生产二部,直接人工,352422.55,synthetic_scenario,Scenario budget generated from disclosed seasonal rules
2026-09-01,生产二部,能源费,225374.28,synthetic_scenario,Scenario budget generated from disclosed seasonal rules
2026-09-01,生产二部,维修费,110999.99,synthetic_scenario,Scenario budget generated from disclosed seasonal rules
2026-09-01,生产二部,折旧费,192596.01,synthetic_scenario,Scenario budget generated from disclosed seasonal rules
2026-09-01,生产二部,其他制造费,99654.9,synthetic_scenario,Scenario budget generated from disclosed seasonal rules
2026-09-01,设备部,直接材料,1218874.45,synthetic_scenario,Scenario budget generated from disclosed seasonal rules
2026-09-01,设备部,直接人工,322341.5,synthetic_scenario,Scenario budget generated from disclosed seasonal rules
2026-09-01,设备部,能源费,242194.96,synthetic_scenario,Scenario budget generated from disclosed seasonal rules
2026-09-01,设备部,维修费,121974.47,synthetic_scenario,Scenario budget generated from disclosed seasonal rules
2026-09-01,设备部,折旧费,197722.17,synthetic_scenario,Scenario budget generated from disclosed seasonal rules
2026-09-01,设备部,其他制造费,94929.58,synthetic_scenario,Scenario budget generated from disclosed seasonal rules
2026-09-01,质量部,直接材料,981962.54,synthetic_scenario,Scenario budget generated from disclosed seasonal rules
2026-09-01,质量部,直接人工,348438.05,synthetic_scenario,Scenario budget generated from disclosed seasonal rules
2026-09-01,质量部,能源费,238779.18,synthetic_scenario,Scenario budget generated from disclosed seasonal rules
2026-09-01,质量部,维修费,100102.43,synthetic_scenario,Scenario budget generated from disclosed seasonal rules
2026-09-01,质量部,折旧费,177702.96,synthetic_scenario,Scenario budget generated from disclosed seasonal rules
2026-09-01,质量部,其他制造费,98618.12,synthetic_scenario,Scenario budget generated from disclosed seasonal rules
2026-09-01,仓储部,直接材料,1097832.67,synthetic_scenario,Scenario budget generated from disclosed seasonal rules
2026-09-01,仓储部,直接人工,354369.9,synthetic_scenario,Scenario budget generated from disclosed seasonal rules
2026-09-01,仓储部,能源费,203309.38,synthetic_scenario,Scenario budget generated from disclosed seasonal rules
2026-09-01,仓储部,维修费,119335.81,synthetic_scenario,Scenario budget generated from disclosed seasonal rules
2026-09-01,仓储部,折旧费,162710.85,synthetic_scenario,Scenario budget generated from disclosed seasonal rules
2026-09-01,仓储部,其他制造费,94022.23,synthetic_scenario,Scenario budget generated from disclosed seasonal rules
2026-09-01,采购部,直接材料,987394.47,synthetic_scenario,Scenario budget generated from disclosed seasonal rules
2026-09-01,采购部,直接人工,330212.86,synthetic_scenario,Scenario budget generated from disclosed seasonal rules
2026-09-01,采购部,能源费,198306.92,synthetic_scenario,Scenario budget generated from disclosed seasonal rules
2026-09-01,采购部,维修费,108204.67,synthetic_scenario,Scenario budget generated from disclosed seasonal rules
2026-09-01,采购部,折旧费,175451.71,synthetic_scenario,Scenario budget generated from disclosed seasonal rules
2026-09-01,采购部,其他制造费,96578.82,synthetic_scenario,Scenario budget generated from disclosed seasonal rules
2026-10-01,生产一部,直接材料,1076883.03,synthetic_scenario,Scenario budget generated from disclosed seasonal rules
2026-10-01,生产一部,直接人工,350547.25,synthetic_scenario,Scenario budget generated from disclosed seasonal rules
2026-10-01,生产一部,能源费,217217.2,synthetic_scenario,Scenario budget generated from disclosed seasonal rules
2026-10-01,生产一部,维修费,105840.81,synthetic_scenario,Scenario budget generated from disclosed seasonal rules
2026-10-01,生产一部,折旧费,200851.24,synthetic_scenario,Scenario budget generated from disclosed seasonal rules
2026-10-01,生产一部,其他制造费,102506.25,synthetic_scenario,Scenario budget generated from disclosed seasonal rules
2026-10-01,生产二部,直接材料,1200731.89,synthetic_scenario,Scenario budget generated from disclosed seasonal rules
2026-10-01,生产二部,直接人工,291631.72,synthetic_scenario,Scenario budget generated from disclosed seasonal rules
2026-10-01,生产二部,能源费,226191.69,synthetic_scenario,Scenario budget generated from disclosed seasonal rules
2026-10-01,生产二部,维修费,105707.63,synthetic_scenario,Scenario budget generated from disclosed seasonal rules
2026-10-01,生产二部,折旧费,183325.5,synthetic_scenario,Scenario budget generated from disclosed seasonal rules
2026-10-01,生产二部,其他制造费,84756.1,synthetic_scenario,Scenario budget generated from disclosed seasonal rules
2026-10-01,设备部,直接材料,1063138.83,synthetic_scenario,Scenario budget generated from disclosed seasonal rules
2026-10-01,设备部,直接人工,351195.03,synthetic_scenario,Scenario budget generated from disclosed seasonal rules
2026-10-01,设备部,能源费,199699.7,synthetic_scenario,Scenario budget generated from disclosed seasonal rules
2026-10-01,设备部,维修费,122235.6,synthetic_scenario,Scenario budget generated from disclosed seasonal rules
2026-10-01,设备部,折旧费,184945.38,synthetic_scenario,Scenario budget generated from disclosed seasonal rules
2026-10-01,设备部,其他制造费,85574.71,synthetic_scenario,Scenario budget generated from disclosed seasonal rules
2026-10-01,质量部,直接材料,1200176.41,synthetic_scenario,Scenario budget generated from disclosed seasonal rules
2026-10-01,质量部,直接人工,356092.35,synthetic_scenario,Scenario budget generated from disclosed seasonal rules
2026-10-01,质量部,能源费,217591.97,synthetic_scenario,Scenario budget generated from disclosed seasonal rules
2026-10-01,质量部,维修费,123376.13,synthetic_scenario,Scenario budget generated from disclosed seasonal rules
2026-10-01,质量部,折旧费,193344.12,synthetic_scenario,Scenario budget generated from disclosed seasonal rules
2026-10-01,质量部,其他制造费,83711.15,synthetic_scenario,Scenario budget generated from disclosed seasonal rules
2026-10-01,仓储部,直接材料,1238891.86,synthetic_scenario,Scenario budget generated from disclosed seasonal rules
2026-10-01,仓储部,直接人工,290717.34,synthetic_scenario,Scenario budget generated from disclosed seasonal rules
2026-10-01,仓储部,能源费,202697.49,synthetic_scenario,Scenario budget generated from disclosed seasonal rules
2026-10-01,仓储部,维修费,120553.49,synthetic_scenario,Scenario budget generated from disclosed seasonal rules
2026-10-01,仓储部,折旧费,175141.27,synthetic_scenario,Scenario budget generated from disclosed seasonal rules
2026-10-01,仓储部,其他制造费,87348.95,synthetic_scenario,Scenario budget generated from disclosed seasonal rules
2026-10-01,采购部,直接材料,1048649.2,synthetic_scenario,Scenario budget generated from disclosed seasonal rules
2026-10-01,采购部,直接人工,354249.63,synthetic_scenario,Scenario budget generated from disclosed seasonal rules
2026-10-01,采购部,能源费,211224.31,synthetic_scenario,Scenario budget generated from disclosed seasonal rules
2026-10-01,采购部,维修费,105527.63,synthetic_scenario,Scenario budget generated from disclosed seasonal rules
2026-10-01,采购部,折旧费,193340.41,synthetic_scenario,Scenario budget generated from disclosed seasonal rules
2026-10-01,采购部,其他制造费,97988.68,synthetic_scenario,Scenario budget generated from disclosed seasonal rules
2026-11-01,生产一部,直接材料,1054724.07,synthetic_scenario,Scenario budget generated from disclosed seasonal rules
2026-11-01,生产一部,直接人工,318846.95,synthetic_scenario,Scenario budget generated from disclosed seasonal rules
2026-11-01,生产一部,能源费,231144.65,synthetic_scenario,Scenario budget generated from disclosed seasonal rules
2026-11-01,生产一部,维修费,107593.99,synthetic_scenario,Scenario budget generated from disclosed seasonal rules
2026-11-01,生产一部,折旧费,193944.48,synthetic_scenario,Scenario budget generated from disclosed seasonal rules
2026-11-01,生产一部,其他制造费,97591.2,synthetic_scenario,Scenario budget generated from disclosed seasonal rules
2026-11-01,生产二部,直接材料,1121169.24,synthetic_scenario,Scenario budget generated from disclosed seasonal rules
2026-11-01,生产二部,直接人工,359750.08,synthetic_scenario,Scenario budget generated from disclosed seasonal rules
2026-11-01,生产二部,能源费,226905.14,synthetic_scenario,Scenario budget generated from disclosed seasonal rules
2026-11-01,生产二部,维修费,115322.14,synthetic_scenario,Scenario budget generated from disclosed seasonal rules
2026-11-01,生产二部,折旧费,194953.86,synthetic_scenario,Scenario budget generated from disclosed seasonal rules
2026-11-01,生产二部,其他制造费,91547.35,synthetic_scenario,Scenario budget generated from disclosed seasonal rules
2026-11-01,设备部,直接材料,1053377.75,synthetic_scenario,Scenario budget generated from disclosed seasonal rules
2026-11-01,设备部,直接人工,355358.37,synthetic_scenario,Scenario budget generated from disclosed seasonal rules
2026-11-01,设备部,能源费,209278.38,synthetic_scenario,Scenario budget generated from disclosed seasonal rules
2026-11-01,设备部,维修费,106427.6,synthetic_scenario,Scenario budget generated from disclosed seasonal rules
2026-11-01,设备部,折旧费,184407.69,synthetic_scenario,Scenario budget generated from disclosed seasonal rules
2026-11-01,设备部,其他制造费,97727.55,synthetic_scenario,Scenario budget generated from disclosed seasonal rules
2026-11-01,质量部,直接材料,1309727.87,synthetic_scenario,Scenario budget generated from disclosed seasonal rules
2026-11-01,质量部,直接人工,367349.21,synthetic_scenario,Scenario budget generated from disclosed seasonal rules
2026-11-01,质量部,能源费,243037.33,synthetic_scenario,Scenario budget generated from disclosed seasonal rules
2026-11-01,质量部,维修费,112910.11,synthetic_scenario,Scenario budget generated from disclosed seasonal rules
2026-11-01,质量部,折旧费,209555.31,synthetic_scenario,Scenario budget generated from disclosed seasonal rules
2026-11-01,质量部,其他制造费,98369.85,synthetic_scenario,Scenario budget generated from disclosed seasonal rules
2026-11-01,仓储部,直接材料,1271617.15,synthetic_scenario,Scenario budget generated from disclosed seasonal rules
2026-11-01,仓储部,直接人工,330443.03,synthetic_scenario,Scenario budget generated from disclosed seasonal rules
2026-11-01,仓储部,能源费,245195.1,synthetic_scenario,Scenario budget generated from disclosed seasonal rules
2026-11-01,仓储部,维修费,122932.6,synthetic_scenario,Scenario budget generated from disclosed seasonal rules
2026-11-01,仓储部,折旧费,192202.49,synthetic_scenario,Scenario budget generated from disclosed seasonal rules
2026-11-01,仓储部,其他制造费,99465.55,synthetic_scenario,Scenario budget generated from disclosed seasonal rules
2026-11-01,采购部,直接材料,1126469.66,synthetic_scenario,Scenario budget generated from disclosed seasonal rules
2026-11-01,采购部,直接人工,325879.89,synthetic_scenario,Scenario budget generated from disclosed seasonal rules
2026-11-01,采购部,能源费,238097.78,synthetic_scenario,Scenario budget generated from disclosed seasonal rules
2026-11-01,采购部,维修费,125321.97,synthetic_scenario,Scenario budget generated from disclosed seasonal rules
2026-11-01,采购部,折旧费,198235.08,synthetic_scenario,Scenario budget generated from disclosed seasonal rules
2026-11-01,采购部,其他制造费,97513.36,synthetic_scenario,Scenario budget generated from disclosed seasonal rules
2026-12-01,生产一部,直接材料,1140337.01,synthetic_scenario,Scenario budget generated from disclosed seasonal rules
2026-12-01,生产一部,直接人工,388306.07,synthetic_scenario,Scenario budget generated from disclosed seasonal rules
2026-12-01,生产一部,能源费,227743.36,synthetic_scenario,Scenario budget generated from disclosed seasonal rules
2026-12-01,生产一部,维修费,127327.91,synthetic_scenario,Scenario budget generated from disclosed seasonal rules
2026-12-01,生产一部,折旧费,195105.71,synthetic_scenario,Scenario budget generated from disclosed seasonal rules
2026-12-01,生产一部,其他制造费,95477.2,synthetic_scenario,Scenario budget generated from disclosed seasonal rules
2026-12-01,生产二部,直接材料,1134864.68,synthetic_scenario,Scenario budget generated from disclosed seasonal rules
2026-12-01,生产二部,直接人工,372621.35,synthetic_scenario,Scenario budget generated from disclosed seasonal rules
2026-12-01,生产二部,能源费,265470.54,synthetic_scenario,Scenario budget generated from disclosed seasonal rules
2026-12-01,生产二部,维修费,126567.8,synthetic_scenario,Scenario budget generated from disclosed seasonal rules
2026-12-01,生产二部,折旧费,190877.66,synthetic_scenario,Scenario budget generated from disclosed seasonal rules
2026-12-01,生产二部,其他制造费,111205.64,synthetic_scenario,Scenario budget generated from disclosed seasonal rules
2026-12-01,设备部,直接材料,1099105.12,synthetic_scenario,Scenario budget generated from disclosed seasonal rules
2026-12-01,设备部,直接人工,326159.25,synthetic_scenario,Scenario budget generated from disclosed seasonal rules
2026-12-01,设备部,能源费,265102.92,synthetic_scenario,Scenario budget generated from disclosed seasonal rules
2026-12-01,设备部,维修费,125195.81,synthetic_scenario,Scenario budget generated from disclosed seasonal rules
2026-12-01,设备部,折旧费,218596.58,synthetic_scenario,Scenario budget generated from disclosed seasonal rules
2026-12-01,设备部,其他制造费,105789.71,synthetic_scenario,Scenario budget generated from disclosed seasonal rules
2026-12-01,质量部,直接材料,1193490.98,synthetic_scenario,Scenario budget generated from disclosed seasonal rules
2026-12-01,质量部,直接人工,309736.37,synthetic_scenario,Scenario budget generated from disclosed seasonal rules
2026-12-01,质量部,能源费,248148.86,synthetic_scenario,Scenario budget generated from disclosed seasonal rules
2026-12-01,质量部,维修费,122434.68,synthetic_scenario,Scenario budget generated from disclosed seasonal rules
2026-12-01,质量部,折旧费,207801.14,synthetic_scenario,Scenario budget generated from disclosed seasonal rules
2026-12-01,质量部,其他制造费,93908.87,synthetic_scenario,Scenario budget generated from disclosed seasonal rules
2026-12-01,仓储部,直接材料,1140233.07,synthetic_scenario,Scenario budget generated from disclosed seasonal rules
2026-12-01,仓储部,直接人工,322825.93,synthetic_scenario,Scenario budget generated from disclosed seasonal rules
2026-12-01,仓储部,能源费,267244.81,synthetic_scenario,Scenario budget generated from disclosed seasonal rules
2026-12-01,仓储部,维修费,121491.62,synthetic_scenario,Scenario budget generated from disclosed seasonal rules
2026-12-01,仓储部,折旧费,187229.04,synthetic_scenario,Scenario budget generated from disclosed seasonal rules
2026-12-01,仓储部,其他制造费,91865.25,synthetic_scenario,Scenario budget generated from disclosed seasonal rules
2026-12-01,采购部,直接材料,1226051.37,synthetic_scenario,Scenario budget generated from disclosed seasonal rules
2026-12-01,采购部,直接人工,350187.98,synthetic_scenario,Scenario budget generated from disclosed seasonal rules
2026-12-01,采购部,能源费,264048.26,synthetic_scenario,Scenario budget generated from disclosed seasonal rules
2026-12-01,采购部,维修费,130974.4,synthetic_scenario,Scenario budget generated from disclosed seasonal rules
2026-12-01,采购部,折旧费,216896.86,synthetic_scenario,Scenario budget generated from disclosed seasonal rules
2026-12-01,采购部,其他制造费,101992.7,synthetic_scenario,Scenario budget generated from disclosed seasonal rules
