cost_entry_id,project_id,month,cost_type,actual_amount,source_class,source_note
PC-000001,PRJ-001,2026-01-01,材料,170890.92,synthetic_scenario,Costs allocated from disclosed progress/cost-ratio scenario
PC-000002,PRJ-001,2026-01-01,人工,47490.34,synthetic_scenario,Costs allocated from disclosed progress/cost-ratio scenario
PC-000003,PRJ-001,2026-01-01,设备,112141.9,synthetic_scenario,Costs allocated from disclosed progress/cost-ratio scenario
PC-000004,PRJ-001,2026-01-01,外包,19182.42,synthetic_scenario,Costs allocated from disclosed progress/cost-ratio scenario
PC-000005,PRJ-001,2026-01-01,差旅及其他,32471.98,synthetic_scenario,Costs allocated from disclosed progress/cost-ratio scenario
PC-000006,PRJ-001,2026-02-01,材料,170890.92,synthetic_scenario,Costs allocated from disclosed progress/cost-ratio scenario
PC-000007,PRJ-001,2026-02-01,人工,47490.34,synthetic_scenario,Costs allocated from disclosed progress/cost-ratio scenario
PC-000008,PRJ-001,2026-02-01,设备,112141.9,synthetic_scenario,Costs allocated from disclosed progress/cost-ratio scenario
PC-000009,PRJ-001,2026-02-01,外包,19182.42,synthetic_scenario,Costs allocated from disclosed progress/cost-ratio scenario
PC-000010,PRJ-001,2026-02-01,差旅及其他,32471.98,synthetic_scenario,Costs allocated from disclosed progress/cost-ratio scenario
PC-000011,PRJ-001,2026-03-01,材料,170890.92,synthetic_scenario,Costs allocated from disclosed progress/cost-ratio scenario
PC-000012,PRJ-001,2026-03-01,人工,47490.34,synthetic_scenario,Costs allocated from disclosed progress/cost-ratio scenario
PC-000013,PRJ-001,2026-03-01,设备,112141.9,synthetic_scenario,Costs allocated from disclosed progress/cost-ratio scenario
PC-000014,PRJ-001,2026-03-01,外包,19182.42,synthetic_scenario,Costs allocated from disclosed progress/cost-ratio scenario
PC-000015,PRJ-001,2026-03-01,差旅及其他,32471.98,synthetic_scenario,Costs allocated from disclosed progress/cost-ratio scenario
PC-000016,PRJ-001,2026-04-01,材料,170890.92,synthetic_scenario,Costs allocated from disclosed progress/cost-ratio scenario
PC-000017,PRJ-001,2026-04-01,人工,47490.34,synthetic_scenario,Costs allocated from disclosed progress/cost-ratio scenario
PC-000018,PRJ-001,2026-04-01,设备,112141.9,synthetic_scenario,Costs allocated from disclosed progress/cost-ratio scenario
PC-000019,PRJ-001,2026-04-01,外包,19182.42,synthetic_scenario,Costs allocated from disclosed progress/cost-ratio scenario
PC-000020,PRJ-001,2026-04-01,差旅及其他,32471.98,synthetic_scenario,Costs allocated from disclosed progress/cost-ratio scenario
PC-000021,PRJ-001,2026-05-01,材料,170890.92,synthetic_scenario,Costs allocated from disclosed progress/cost-ratio scenario
PC-000022,PRJ-001,2026-05-01,人工,47490.34,synthetic_scenario,Costs allocated from disclosed progress/cost-ratio scenario
PC-000023,PRJ-001,2026-05-01,设备,112141.9,synthetic_scenario,Costs allocated from disclosed progress/cost-ratio scenario
PC-000024,PRJ-001,2026-05-01,外包,19182.42,synthetic_scenario,Costs allocated from disclosed progress/cost-ratio scenario
PC-000025,PRJ-001,2026-05-01,差旅及其他,32471.98,synthetic_scenario,Costs allocated from disclosed progress/cost-ratio scenario
PC-000026,PRJ-001,2026-06-01,材料,170890.92,synthetic_scenario,Costs allocated from disclosed progress/cost-ratio scenario
PC-000027,PRJ-001,2026-06-01,人工,47490.34,synthetic_scenario,Costs allocated from disclosed progress/cost-ratio scenario
PC-000028,PRJ-001,2026-06-01,设备,112141.9,synthetic_scenario,Costs allocated from disclosed progress/cost-ratio scenario
PC-000029,PRJ-001,2026-06-01,外包,19182.42,synthetic_scenario,Costs allocated from disclosed progress/cost-ratio scenario
PC-000030,PRJ-001,2026-06-01,差旅及其他,32471.98,synthetic_scenario,Costs allocated from disclosed progress/cost-ratio scenario
PC-000031,PRJ-001,2026-07-01,材料,170890.92,synthetic_scenario,Costs allocated from disclosed progress/cost-ratio scenario
PC-000032,PRJ-001,2026-07-01,人工,47490.34,synthetic_scenario,Costs allocated from disclosed progress/cost-ratio scenario
PC-000033,PRJ-001,2026-07-01,设备,112141.9,synthetic_scenario,Costs allocated from disclosed progress/cost-ratio scenario
PC-000034,PRJ-001,2026-07-01,外包,19182.42,synthetic_scenario,Costs allocated from disclosed progress/cost-ratio scenario
PC-000035,PRJ-001,2026-07-01,差旅及其他,32471.98,synthetic_scenario,Costs allocated from disclosed progress/cost-ratio scenario
PC-000036,PRJ-002,2026-01-01,材料,386289.99,synthetic_scenario,Costs allocated from disclosed progress/cost-ratio scenario
PC-000037,PRJ-002,2026-01-01,人工,26371.99,synthetic_scenario,Costs allocated from disclosed progress/cost-ratio scenario
PC-000038,PRJ-002,2026-01-01,设备,226542.34,synthetic_scenario,Costs allocated from disclosed progress/cost-ratio scenario
PC-000039,PRJ-002,2026-01-01,外包,125080.19,synthetic_scenario,Costs allocated from disclosed progress/cost-ratio scenario
PC-000040,PRJ-002,2026-01-01,差旅及其他,70138.11,synthetic_scenario,Costs allocated from disclosed progress/cost-ratio scenario
PC-000041,PRJ-002,2026-02-01,材料,386289.99,synthetic_scenario,Costs allocated from disclosed progress/cost-ratio scenario
PC-000042,PRJ-002,2026-02-01,人工,26371.99,synthetic_scenario,Costs allocated from disclosed progress/cost-ratio scenario
PC-000043,PRJ-002,2026-02-01,设备,226542.34,synthetic_scenario,Costs allocated from disclosed progress/cost-ratio scenario
PC-000044,PRJ-002,2026-02-01,外包,125080.19,synthetic_scenario,Costs allocated from disclosed progress/cost-ratio scenario
PC-000045,PRJ-002,2026-02-01,差旅及其他,70138.11,synthetic_scenario,Costs allocated from disclosed progress/cost-ratio scenario
PC-000046,PRJ-002,2026-03-01,材料,386289.99,synthetic_scenario,Costs allocated from disclosed progress/cost-ratio scenario
PC-000047,PRJ-002,2026-03-01,人工,26371.99,synthetic_scenario,Costs allocated from disclosed progress/cost-ratio scenario
PC-000048,PRJ-002,2026-03-01,设备,226542.34,synthetic_scenario,Costs allocated from disclosed progress/cost-ratio scenario
PC-000049,PRJ-002,2026-03-01,外包,125080.19,synthetic_scenario,Costs allocated from disclosed progress/cost-ratio scenario
PC-000050,PRJ-002,2026-03-01,差旅及其他,70138.11,synthetic_scenario,Costs allocated from disclosed progress/cost-ratio scenario
PC-000051,PRJ-002,2026-04-01,材料,386289.99,synthetic_scenario,Costs allocated from disclosed progress/cost-ratio scenario
PC-000052,PRJ-002,2026-04-01,人工,26371.99,synthetic_scenario,Costs allocated from disclosed progress/cost-ratio scenario
PC-000053,PRJ-002,2026-04-01,设备,226542.34,synthetic_scenario,Costs allocated from disclosed progress/cost-ratio scenario
PC-000054,PRJ-002,2026-04-01,外包,125080.19,synthetic_scenario,Costs allocated from disclosed progress/cost-ratio scenario
PC-000055,PRJ-002,2026-04-01,差旅及其他,70138.11,synthetic_scenario,Costs allocated from disclosed progress/cost-ratio scenario
PC-000056,PRJ-002,2026-05-01,材料,386289.99,synthetic_scenario,Costs allocated from disclosed progress/cost-ratio scenario
PC-000057,PRJ-002,2026-05-01,人工,26371.99,synthetic_scenario,Costs allocated from disclosed progress/cost-ratio scenario
PC-000058,PRJ-002,2026-05-01,设备,226542.34,synthetic_scenario,Costs allocated from disclosed progress/cost-ratio scenario
PC-000059,PRJ-002,2026-05-01,外包,125080.19,synthetic_scenario,Costs allocated from disclosed progress/cost-ratio scenario
PC-000060,PRJ-002,2026-05-01,差旅及其他,70138.11,synthetic_scenario,Costs allocated from disclosed progress/cost-ratio scenario
PC-000061,PRJ-002,2026-06-01,材料,386289.99,synthetic_scenario,Costs allocated from disclosed progress/cost-ratio scenario
PC-000062,PRJ-002,2026-06-01,人工,26371.99,synthetic_scenario,Costs allocated from disclosed progress/cost-ratio scenario
PC-000063,PRJ-002,2026-06-01,设备,226542.34,synthetic_scenario,Costs allocated from disclosed progress/cost-ratio scenario
PC-000064,PRJ-002,2026-06-01,外包,125080.19,synthetic_scenario,Costs allocated from disclosed progress/cost-ratio scenario
PC-000065,PRJ-002,2026-06-01,差旅及其他,70138.11,synthetic_scenario,Costs allocated from disclosed progress/cost-ratio scenario
PC-000066,PRJ-002,2026-07-01,材料,386289.99,synthetic_scenario,Costs allocated from disclosed progress/cost-ratio scenario
PC-000067,PRJ-002,2026-07-01,人工,26371.99,synthetic_scenario,Costs allocated from disclosed progress/cost-ratio scenario
PC-000068,PRJ-002,2026-07-01,设备,226542.34,synthetic_scenario,Costs allocated from disclosed progress/cost-ratio scenario
PC-000069,PRJ-002,2026-07-01,外包,125080.19,synthetic_scenario,Costs allocated from disclosed progress/cost-ratio scenario
PC-000070,PRJ-002,2026-07-01,差旅及其他,70138.11,synthetic_scenario,Costs allocated from disclosed progress/cost-ratio scenario
PC-000071,PRJ-002,2026-08-01,材料,386289.99,synthetic_scenario,Costs allocated from disclosed progress/cost-ratio scenario
PC-000072,PRJ-002,2026-08-01,人工,26371.99,synthetic_scenario,Costs allocated from disclosed progress/cost-ratio scenario
PC-000073,PRJ-002,2026-08-01,设备,226542.34,synthetic_scenario,Costs allocated from disclosed progress/cost-ratio scenario
PC-000074,PRJ-002,2026-08-01,外包,125080.19,synthetic_scenario,Costs allocated from disclosed progress/cost-ratio scenario
PC-000075,PRJ-002,2026-08-01,差旅及其他,70138.11,synthetic_scenario,Costs allocated from disclosed progress/cost-ratio scenario
PC-000076,PRJ-002,2026-09-01,材料,386289.99,synthetic_scenario,Costs allocated from disclosed progress/cost-ratio scenario
PC-000077,PRJ-002,2026-09-01,人工,26371.99,synthetic_scenario,Costs allocated from disclosed progress/cost-ratio scenario
PC-000078,PRJ-002,2026-09-01,设备,226542.34,synthetic_scenario,Costs allocated from disclosed progress/cost-ratio scenario
PC-000079,PRJ-002,2026-09-01,外包,125080.19,synthetic_scenario,Costs allocated from disclosed progress/cost-ratio scenario
PC-000080,PRJ-002,2026-09-01,差旅及其他,70138.11,synthetic_scenario,Costs allocated from disclosed progress/cost-ratio scenario
PC-000081,PRJ-002,2026-10-01,材料,386289.99,synthetic_scenario,Costs allocated from disclosed progress/cost-ratio scenario
PC-000082,PRJ-002,2026-10-01,人工,26371.99,synthetic_scenario,Costs allocated from disclosed progress/cost-ratio scenario
PC-000083,PRJ-002,2026-10-01,设备,226542.34,synthetic_scenario,Costs allocated from disclosed progress/cost-ratio scenario
PC-000084,PRJ-002,2026-10-01,外包,125080.19,synthetic_scenario,Costs allocated from disclosed progress/cost-ratio scenario
PC-000085,PRJ-002,2026-10-01,差旅及其他,70138.11,synthetic_scenario,Costs allocated from disclosed progress/cost-ratio scenario
PC-000086,PRJ-003,2026-01-01,材料,125317.38,synthetic_scenario,Costs allocated from disclosed progress/cost-ratio scenario
PC-000087,PRJ-003,2026-01-01,人工,90956.97,synthetic_scenario,Costs allocated from disclosed progress/cost-ratio scenario
PC-000088,PRJ-003,2026-01-01,设备,163107.19,synthetic_scenario,Costs allocated from disclosed progress/cost-ratio scenario
PC-000089,PRJ-003,2026-01-01,外包,10638.91,synthetic_scenario,Costs allocated from disclosed progress/cost-ratio scenario
PC-000090,PRJ-003,2026-01-01,差旅及其他,82920.86,synthetic_scenario,Costs allocated from disclosed progress/cost-ratio scenario
PC-000091,PRJ-003,2026-02-01,材料,125317.38,synthetic_scenario,Costs allocated from disclosed progress/cost-ratio scenario
PC-000092,PRJ-003,2026-02-01,人工,90956.97,synthetic_scenario,Costs allocated from disclosed progress/cost-ratio scenario
PC-000093,PRJ-003,2026-02-01,设备,163107.19,synthetic_scenario,Costs allocated from disclosed progress/cost-ratio scenario
PC-000094,PRJ-003,2026-02-01,外包,10638.91,synthetic_scenario,Costs allocated from disclosed progress/cost-ratio scenario
PC-000095,PRJ-003,2026-02-01,差旅及其他,82920.86,synthetic_scenario,Costs allocated from disclosed progress/cost-ratio scenario
PC-000096,PRJ-003,2026-03-01,材料,125317.38,synthetic_scenario,Costs allocated from disclosed progress/cost-ratio scenario
PC-000097,PRJ-003,2026-03-01,人工,90956.97,synthetic_scenario,Costs allocated from disclosed progress/cost-ratio scenario
PC-000098,PRJ-003,2026-03-01,设备,163107.19,synthetic_scenario,Costs allocated from disclosed progress/cost-ratio scenario
PC-000099,PRJ-003,2026-03-01,外包,10638.91,synthetic_scenario,Costs allocated from disclosed progress/cost-ratio scenario
PC-000100,PRJ-003,2026-03-01,差旅及其他,82920.86,synthetic_scenario,Costs allocated from disclosed progress/cost-ratio scenario
PC-000101,PRJ-003,2026-04-01,材料,125317.38,synthetic_scenario,Costs allocated from disclosed progress/cost-ratio scenario
PC-000102,PRJ-003,2026-04-01,人工,90956.97,synthetic_scenario,Costs allocated from disclosed progress/cost-ratio scenario
PC-000103,PRJ-003,2026-04-01,设备,163107.19,synthetic_scenario,Costs allocated from disclosed progress/cost-ratio scenario
PC-000104,PRJ-003,2026-04-01,外包,10638.91,synthetic_scenario,Costs allocated from disclosed progress/cost-ratio scenario
PC-000105,PRJ-003,2026-04-01,差旅及其他,82920.86,synthetic_scenario,Costs allocated from disclosed progress/cost-ratio scenario
PC-000106,PRJ-003,2026-05-01,材料,125317.38,synthetic_scenario,Costs allocated from disclosed progress/cost-ratio scenario
PC-000107,PRJ-003,2026-05-01,人工,90956.97,synthetic_scenario,Costs allocated from disclosed progress/cost-ratio scenario
PC-000108,PRJ-003,2026-05-01,设备,163107.19,synthetic_scenario,Costs allocated from disclosed progress/cost-ratio scenario
PC-000109,PRJ-003,2026-05-01,外包,10638.91,synthetic_scenario,Costs allocated from disclosed progress/cost-ratio scenario
PC-000110,PRJ-003,2026-05-01,差旅及其他,82920.86,synthetic_scenario,Costs allocated from disclosed progress/cost-ratio scenario
PC-000111,PRJ-003,2026-06-01,材料,125317.38,synthetic_scenario,Costs allocated from disclosed progress/cost-ratio scenario
PC-000112,PRJ-003,2026-06-01,人工,90956.97,synthetic_scenario,Costs allocated from disclosed progress/cost-ratio scenario
PC-000113,PRJ-003,2026-06-01,设备,163107.19,synthetic_scenario,Costs allocated from disclosed progress/cost-ratio scenario
PC-000114,PRJ-003,2026-06-01,外包,10638.91,synthetic_scenario,Costs allocated from disclosed progress/cost-ratio scenario
PC-000115,PRJ-003,2026-06-01,差旅及其他,82920.86,synthetic_scenario,Costs allocated from disclosed progress/cost-ratio scenario
PC-000116,PRJ-003,2026-07-01,材料,125317.38,synthetic_scenario,Costs allocated from disclosed progress/cost-ratio scenario
PC-000117,PRJ-003,2026-07-01,人工,90956.97,synthetic_scenario,Costs allocated from disclosed progress/cost-ratio scenario
PC-000118,PRJ-003,2026-07-01,设备,163107.19,synthetic_scenario,Costs allocated from disclosed progress/cost-ratio scenario
PC-000119,PRJ-003,2026-07-01,外包,10638.91,synthetic_scenario,Costs allocated from disclosed progress/cost-ratio scenario
PC-000120,PRJ-003,2026-07-01,差旅及其他,82920.86,synthetic_scenario,Costs allocated from disclosed progress/cost-ratio scenario
PC-000121,PRJ-003,2026-08-01,材料,125317.38,synthetic_scenario,Costs allocated from disclosed progress/cost-ratio scenario
PC-000122,PRJ-003,2026-08-01,人工,90956.97,synthetic_scenario,Costs allocated from disclosed progress/cost-ratio scenario
PC-000123,PRJ-003,2026-08-01,设备,163107.19,synthetic_scenario,Costs allocated from disclosed progress/cost-ratio scenario
PC-000124,PRJ-003,2026-08-01,外包,10638.91,synthetic_scenario,Costs allocated from disclosed progress/cost-ratio scenario
PC-000125,PRJ-003,2026-08-01,差旅及其他,82920.86,synthetic_scenario,Costs allocated from disclosed progress/cost-ratio scenario
PC-000126,PRJ-003,2026-09-01,材料,125317.38,synthetic_scenario,Costs allocated from disclosed progress/cost-ratio scenario
PC-000127,PRJ-003,2026-09-01,人工,90956.97,synthetic_scenario,Costs allocated from disclosed progress/cost-ratio scenario
PC-000128,PRJ-003,2026-09-01,设备,163107.19,synthetic_scenario,Costs allocated from disclosed progress/cost-ratio scenario
PC-000129,PRJ-003,2026-09-01,外包,10638.91,synthetic_scenario,Costs allocated from disclosed progress/cost-ratio scenario
PC-000130,PRJ-003,2026-09-01,差旅及其他,82920.86,synthetic_scenario,Costs allocated from disclosed progress/cost-ratio scenario
PC-000131,PRJ-004,2026-01-01,材料,87558.18,synthetic_scenario,Costs allocated from disclosed progress/cost-ratio scenario
PC-000132,PRJ-004,2026-01-01,人工,58910.51,synthetic_scenario,Costs allocated from disclosed progress/cost-ratio scenario
PC-000133,PRJ-004,2026-01-01,设备,43281.01,synthetic_scenario,Costs allocated from disclosed progress/cost-ratio scenario
PC-000134,PRJ-004,2026-01-01,外包,30334.37,synthetic_scenario,Costs allocated from disclosed progress/cost-ratio scenario
PC-000135,PRJ-004,2026-01-01,差旅及其他,1802.52,synthetic_scenario,Costs allocated from disclosed progress/cost-ratio scenario
PC-000136,PRJ-004,2026-02-01,材料,87558.18,synthetic_scenario,Costs allocated from disclosed progress/cost-ratio scenario
PC-000137,PRJ-004,2026-02-01,人工,58910.51,synthetic_scenario,Costs allocated from disclosed progress/cost-ratio scenario
PC-000138,PRJ-004,2026-02-01,设备,43281.01,synthetic_scenario,Costs allocated from disclosed progress/cost-ratio scenario
PC-000139,PRJ-004,2026-02-01,外包,30334.37,synthetic_scenario,Costs allocated from disclosed progress/cost-ratio scenario
PC-000140,PRJ-004,2026-02-01,差旅及其他,1802.52,synthetic_scenario,Costs allocated from disclosed progress/cost-ratio scenario
PC-000141,PRJ-004,2026-03-01,材料,87558.18,synthetic_scenario,Costs allocated from disclosed progress/cost-ratio scenario
PC-000142,PRJ-004,2026-03-01,人工,58910.51,synthetic_scenario,Costs allocated from disclosed progress/cost-ratio scenario
PC-000143,PRJ-004,2026-03-01,设备,43281.01,synthetic_scenario,Costs allocated from disclosed progress/cost-ratio scenario
PC-000144,PRJ-004,2026-03-01,外包,30334.37,synthetic_scenario,Costs allocated from disclosed progress/cost-ratio scenario
PC-000145,PRJ-004,2026-03-01,差旅及其他,1802.52,synthetic_scenario,Costs allocated from disclosed progress/cost-ratio scenario
PC-000146,PRJ-004,2026-04-01,材料,87558.18,synthetic_scenario,Costs allocated from disclosed progress/cost-ratio scenario
PC-000147,PRJ-004,2026-04-01,人工,58910.51,synthetic_scenario,Costs allocated from disclosed progress/cost-ratio scenario
PC-000148,PRJ-004,2026-04-01,设备,43281.01,synthetic_scenario,Costs allocated from disclosed progress/cost-ratio scenario
PC-000149,PRJ-004,2026-04-01,外包,30334.37,synthetic_scenario,Costs allocated from disclosed progress/cost-ratio scenario
PC-000150,PRJ-004,2026-04-01,差旅及其他,1802.52,synthetic_scenario,Costs allocated from disclosed progress/cost-ratio scenario
PC-000151,PRJ-004,2026-05-01,材料,87558.18,synthetic_scenario,Costs allocated from disclosed progress/cost-ratio scenario
PC-000152,PRJ-004,2026-05-01,人工,58910.51,synthetic_scenario,Costs allocated from disclosed progress/cost-ratio scenario
PC-000153,PRJ-004,2026-05-01,设备,43281.01,synthetic_scenario,Costs allocated from disclosed progress/cost-ratio scenario
PC-000154,PRJ-004,2026-05-01,外包,30334.37,synthetic_scenario,Costs allocated from disclosed progress/cost-ratio scenario
PC-000155,PRJ-004,2026-05-01,差旅及其他,1802.52,synthetic_scenario,Costs allocated from disclosed progress/cost-ratio scenario
PC-000156,PRJ-004,2026-06-01,材料,87558.18,synthetic_scenario,Costs allocated from disclosed progress/cost-ratio scenario
PC-000157,PRJ-004,2026-06-01,人工,58910.51,synthetic_scenario,Costs allocated from disclosed progress/cost-ratio scenario
PC-000158,PRJ-004,2026-06-01,设备,43281.01,synthetic_scenario,Costs allocated from disclosed progress/cost-ratio scenario
PC-000159,PRJ-004,2026-06-01,外包,30334.37,synthetic_scenario,Costs allocated from disclosed progress/cost-ratio scenario
PC-000160,PRJ-004,2026-06-01,差旅及其他,1802.52,synthetic_scenario,Costs allocated from disclosed progress/cost-ratio scenario
PC-000161,PRJ-004,2026-07-01,材料,87558.18,synthetic_scenario,Costs allocated from disclosed progress/cost-ratio scenario
PC-000162,PRJ-004,2026-07-01,人工,58910.51,synthetic_scenario,Costs allocated from disclosed progress/cost-ratio scenario
PC-000163,PRJ-004,2026-07-01,设备,43281.01,synthetic_scenario,Costs allocated from disclosed progress/cost-ratio scenario
PC-000164,PRJ-004,2026-07-01,外包,30334.37,synthetic_scenario,Costs allocated from disclosed progress/cost-ratio scenario
PC-000165,PRJ-004,2026-07-01,差旅及其他,1802.52,synthetic_scenario,Costs allocated from disclosed progress/cost-ratio scenario
PC-000166,PRJ-005,2026-01-01,材料,117221.16,synthetic_scenario,Costs allocated from disclosed progress/cost-ratio scenario
PC-000167,PRJ-005,2026-01-01,人工,32156.44,synthetic_scenario,Costs allocated from disclosed progress/cost-ratio scenario
PC-000168,PRJ-005,2026-01-01,设备,160045.7,synthetic_scenario,Costs allocated from disclosed progress/cost-ratio scenario
PC-000169,PRJ-005,2026-01-01,外包,27943.47,synthetic_scenario,Costs allocated from disclosed progress/cost-ratio scenario
PC-000170,PRJ-005,2026-01-01,差旅及其他,7045.19,synthetic_scenario,Costs allocated from disclosed progress/cost-ratio scenario
PC-000171,PRJ-005,2026-02-01,材料,117221.16,synthetic_scenario,Costs allocated from disclosed progress/cost-ratio scenario
PC-000172,PRJ-005,2026-02-01,人工,32156.44,synthetic_scenario,Costs allocated from disclosed progress/cost-ratio scenario
PC-000173,PRJ-005,2026-02-01,设备,160045.7,synthetic_scenario,Costs allocated from disclosed progress/cost-ratio scenario
PC-000174,PRJ-005,2026-02-01,外包,27943.47,synthetic_scenario,Costs allocated from disclosed progress/cost-ratio scenario
PC-000175,PRJ-005,2026-02-01,差旅及其他,7045.19,synthetic_scenario,Costs allocated from disclosed progress/cost-ratio scenario
PC-000176,PRJ-005,2026-03-01,材料,117221.16,synthetic_scenario,Costs allocated from disclosed progress/cost-ratio scenario
PC-000177,PRJ-005,2026-03-01,人工,32156.44,synthetic_scenario,Costs allocated from disclosed progress/cost-ratio scenario
PC-000178,PRJ-005,2026-03-01,设备,160045.7,synthetic_scenario,Costs allocated from disclosed progress/cost-ratio scenario
PC-000179,PRJ-005,2026-03-01,外包,27943.47,synthetic_scenario,Costs allocated from disclosed progress/cost-ratio scenario
PC-000180,PRJ-005,2026-03-01,差旅及其他,7045.19,synthetic_scenario,Costs allocated from disclosed progress/cost-ratio scenario
PC-000181,PRJ-005,2026-04-01,材料,117221.16,synthetic_scenario,Costs allocated from disclosed progress/cost-ratio scenario
PC-000182,PRJ-005,2026-04-01,人工,32156.44,synthetic_scenario,Costs allocated from disclosed progress/cost-ratio scenario
PC-000183,PRJ-005,2026-04-01,设备,160045.7,synthetic_scenario,Costs allocated from disclosed progress/cost-ratio scenario
PC-000184,PRJ-005,2026-04-01,外包,27943.47,synthetic_scenario,Costs allocated from disclosed progress/cost-ratio scenario
PC-000185,PRJ-005,2026-04-01,差旅及其他,7045.19,synthetic_scenario,Costs allocated from disclosed progress/cost-ratio scenario
PC-000186,PRJ-005,2026-05-01,材料,117221.16,synthetic_scenario,Costs allocated from disclosed progress/cost-ratio scenario
PC-000187,PRJ-005,2026-05-01,人工,32156.44,synthetic_scenario,Costs allocated from disclosed progress/cost-ratio scenario
PC-000188,PRJ-005,2026-05-01,设备,160045.7,synthetic_scenario,Costs allocated from disclosed progress/cost-ratio scenario
PC-000189,PRJ-005,2026-05-01,外包,27943.47,synthetic_scenario,Costs allocated from disclosed progress/cost-ratio scenario
PC-000190,PRJ-005,2026-05-01,差旅及其他,7045.19,synthetic_scenario,Costs allocated from disclosed progress/cost-ratio scenario
PC-000191,PRJ-005,2026-06-01,材料,117221.16,synthetic_scenario,Costs allocated from disclosed progress/cost-ratio scenario
PC-000192,PRJ-005,2026-06-01,人工,32156.44,synthetic_scenario,Costs allocated from disclosed progress/cost-ratio scenario
PC-000193,PRJ-005,2026-06-01,设备,160045.7,synthetic_scenario,Costs allocated from disclosed progress/cost-ratio scenario
PC-000194,PRJ-005,2026-06-01,外包,27943.47,synthetic_scenario,Costs allocated from disclosed progress/cost-ratio scenario
PC-000195,PRJ-005,2026-06-01,差旅及其他,7045.19,synthetic_scenario,Costs allocated from disclosed progress/cost-ratio scenario
PC-000196,PRJ-005,2026-07-01,材料,117221.16,synthetic_scenario,Costs allocated from disclosed progress/cost-ratio scenario
PC-000197,PRJ-005,2026-07-01,人工,32156.44,synthetic_scenario,Costs allocated from disclosed progress/cost-ratio scenario
PC-000198,PRJ-005,2026-07-01,设备,160045.7,synthetic_scenario,Costs allocated from disclosed progress/cost-ratio scenario
PC-000199,PRJ-005,2026-07-01,外包,27943.47,synthetic_scenario,Costs allocated from disclosed progress/cost-ratio scenario
PC-000200,PRJ-005,2026-07-01,差旅及其他,7045.19,synthetic_scenario,Costs allocated from disclosed progress/cost-ratio scenario
PC-000201,PRJ-005,2026-08-01,材料,117221.16,synthetic_scenario,Costs allocated from disclosed progress/cost-ratio scenario
PC-000202,PRJ-005,2026-08-01,人工,32156.44,synthetic_scenario,Costs allocated from disclosed progress/cost-ratio scenario
PC-000203,PRJ-005,2026-08-01,设备,160045.7,synthetic_scenario,Costs allocated from disclosed progress/cost-ratio scenario
PC-000204,PRJ-005,2026-08-01,外包,27943.47,synthetic_scenario,Costs allocated from disclosed progress/cost-ratio scenario
PC-000205,PRJ-005,2026-08-01,差旅及其他,7045.19,synthetic_scenario,Costs allocated from disclosed progress/cost-ratio scenario
PC-000206,PRJ-005,2026-09-01,材料,117221.16,synthetic_scenario,Costs allocated from disclosed progress/cost-ratio scenario
PC-000207,PRJ-005,2026-09-01,人工,32156.44,synthetic_scenario,Costs allocated from disclosed progress/cost-ratio scenario
PC-000208,PRJ-005,2026-09-01,设备,160045.7,synthetic_scenario,Costs allocated from disclosed progress/cost-ratio scenario
PC-000209,PRJ-005,2026-09-01,外包,27943.47,synthetic_scenario,Costs allocated from disclosed progress/cost-ratio scenario
PC-000210,PRJ-005,2026-09-01,差旅及其他,7045.19,synthetic_scenario,Costs allocated from disclosed progress/cost-ratio scenario
PC-000211,PRJ-005,2026-10-01,材料,117221.16,synthetic_scenario,Costs allocated from disclosed progress/cost-ratio scenario
PC-000212,PRJ-005,2026-10-01,人工,32156.44,synthetic_scenario,Costs allocated from disclosed progress/cost-ratio scenario
PC-000213,PRJ-005,2026-10-01,设备,160045.7,synthetic_scenario,Costs allocated from disclosed progress/cost-ratio scenario
PC-000214,PRJ-005,2026-10-01,外包,27943.47,synthetic_scenario,Costs allocated from disclosed progress/cost-ratio scenario
PC-000215,PRJ-005,2026-10-01,差旅及其他,7045.19,synthetic_scenario,Costs allocated from disclosed progress/cost-ratio scenario
PC-000216,PRJ-005,2026-11-01,材料,117221.16,synthetic_scenario,Costs allocated from disclosed progress/cost-ratio scenario
PC-000217,PRJ-005,2026-11-01,人工,32156.44,synthetic_scenario,Costs allocated from disclosed progress/cost-ratio scenario
PC-000218,PRJ-005,2026-11-01,设备,160045.7,synthetic_scenario,Costs allocated from disclosed progress/cost-ratio scenario
PC-000219,PRJ-005,2026-11-01,外包,27943.47,synthetic_scenario,Costs allocated from disclosed progress/cost-ratio scenario
PC-000220,PRJ-005,2026-11-01,差旅及其他,7045.19,synthetic_scenario,Costs allocated from disclosed progress/cost-ratio scenario
PC-000221,PRJ-006,2026-01-01,材料,301452.93,synthetic_scenario,Costs allocated from disclosed progress/cost-ratio scenario
PC-000222,PRJ-006,2026-01-01,人工,105929.77,synthetic_scenario,Costs allocated from disclosed progress/cost-ratio scenario
PC-000223,PRJ-006,2026-01-01,设备,176746.47,synthetic_scenario,Costs allocated from disclosed progress/cost-ratio scenario
PC-000224,PRJ-006,2026-01-01,外包,36639.18,synthetic_scenario,Costs allocated from disclosed progress/cost-ratio scenario
PC-000225,PRJ-006,2026-01-01,差旅及其他,22042.69,synthetic_scenario,Costs allocated from disclosed progress/cost-ratio scenario
PC-000226,PRJ-006,2026-02-01,材料,301452.93,synthetic_scenario,Costs allocated from disclosed progress/cost-ratio scenario
PC-000227,PRJ-006,2026-02-01,人工,105929.77,synthetic_scenario,Costs allocated from disclosed progress/cost-ratio scenario
PC-000228,PRJ-006,2026-02-01,设备,176746.47,synthetic_scenario,Costs allocated from disclosed progress/cost-ratio scenario
PC-000229,PRJ-006,2026-02-01,外包,36639.18,synthetic_scenario,Costs allocated from disclosed progress/cost-ratio scenario
PC-000230,PRJ-006,2026-02-01,差旅及其他,22042.69,synthetic_scenario,Costs allocated from disclosed progress/cost-ratio scenario
PC-000231,PRJ-006,2026-03-01,材料,301452.93,synthetic_scenario,Costs allocated from disclosed progress/cost-ratio scenario
PC-000232,PRJ-006,2026-03-01,人工,105929.77,synthetic_scenario,Costs allocated from disclosed progress/cost-ratio scenario
PC-000233,PRJ-006,2026-03-01,设备,176746.47,synthetic_scenario,Costs allocated from disclosed progress/cost-ratio scenario
PC-000234,PRJ-006,2026-03-01,外包,36639.18,synthetic_scenario,Costs allocated from disclosed progress/cost-ratio scenario
PC-000235,PRJ-006,2026-03-01,差旅及其他,22042.69,synthetic_scenario,Costs allocated from disclosed progress/cost-ratio scenario
PC-000236,PRJ-006,2026-04-01,材料,301452.93,synthetic_scenario,Costs allocated from disclosed progress/cost-ratio scenario
PC-000237,PRJ-006,2026-04-01,人工,105929.77,synthetic_scenario,Costs allocated from disclosed progress/cost-ratio scenario
PC-000238,PRJ-006,2026-04-01,设备,176746.47,synthetic_scenario,Costs allocated from disclosed progress/cost-ratio scenario
PC-000239,PRJ-006,2026-04-01,外包,36639.18,synthetic_scenario,Costs allocated from disclosed progress/cost-ratio scenario
PC-000240,PRJ-006,2026-04-01,差旅及其他,22042.69,synthetic_scenario,Costs allocated from disclosed progress/cost-ratio scenario
PC-000241,PRJ-007,2026-01-01,材料,120721.02,synthetic_scenario,Costs allocated from disclosed progress/cost-ratio scenario
PC-000242,PRJ-007,2026-01-01,人工,68099.45,synthetic_scenario,Costs allocated from disclosed progress/cost-ratio scenario
PC-000243,PRJ-007,2026-01-01,设备,211474.92,synthetic_scenario,Costs allocated from disclosed progress/cost-ratio scenario
PC-000244,PRJ-007,2026-01-01,外包,34047.66,synthetic_scenario,Costs allocated from disclosed progress/cost-ratio scenario
PC-000245,PRJ-007,2026-01-01,差旅及其他,43556.82,synthetic_scenario,Costs allocated from disclosed progress/cost-ratio scenario
PC-000246,PRJ-007,2026-02-01,材料,120721.02,synthetic_scenario,Costs allocated from disclosed progress/cost-ratio scenario
PC-000247,PRJ-007,2026-02-01,人工,68099.45,synthetic_scenario,Costs allocated from disclosed progress/cost-ratio scenario
PC-000248,PRJ-007,2026-02-01,设备,211474.92,synthetic_scenario,Costs allocated from disclosed progress/cost-ratio scenario
PC-000249,PRJ-007,2026-02-01,外包,34047.66,synthetic_scenario,Costs allocated from disclosed progress/cost-ratio scenario
PC-000250,PRJ-007,2026-02-01,差旅及其他,43556.82,synthetic_scenario,Costs allocated from disclosed progress/cost-ratio scenario
PC-000251,PRJ-007,2026-03-01,材料,120721.02,synthetic_scenario,Costs allocated from disclosed progress/cost-ratio scenario
PC-000252,PRJ-007,2026-03-01,人工,68099.45,synthetic_scenario,Costs allocated from disclosed progress/cost-ratio scenario
PC-000253,PRJ-007,2026-03-01,设备,211474.92,synthetic_scenario,Costs allocated from disclosed progress/cost-ratio scenario
PC-000254,PRJ-007,2026-03-01,外包,34047.66,synthetic_scenario,Costs allocated from disclosed progress/cost-ratio scenario
PC-000255,PRJ-007,2026-03-01,差旅及其他,43556.82,synthetic_scenario,Costs allocated from disclosed progress/cost-ratio scenario
PC-000256,PRJ-007,2026-04-01,材料,120721.02,synthetic_scenario,Costs allocated from disclosed progress/cost-ratio scenario
PC-000257,PRJ-007,2026-04-01,人工,68099.45,synthetic_scenario,Costs allocated from disclosed progress/cost-ratio scenario
PC-000258,PRJ-007,2026-04-01,设备,211474.92,synthetic_scenario,Costs allocated from disclosed progress/cost-ratio scenario
PC-000259,PRJ-007,2026-04-01,外包,34047.66,synthetic_scenario,Costs allocated from disclosed progress/cost-ratio scenario
PC-000260,PRJ-007,2026-04-01,差旅及其他,43556.82,synthetic_scenario,Costs allocated from disclosed progress/cost-ratio scenario
PC-000261,PRJ-007,2026-05-01,材料,120721.02,synthetic_scenario,Costs allocated from disclosed progress/cost-ratio scenario
PC-000262,PRJ-007,2026-05-01,人工,68099.45,synthetic_scenario,Costs allocated from disclosed progress/cost-ratio scenario
PC-000263,PRJ-007,2026-05-01,设备,211474.92,synthetic_scenario,Costs allocated from disclosed progress/cost-ratio scenario
PC-000264,PRJ-007,2026-05-01,外包,34047.66,synthetic_scenario,Costs allocated from disclosed progress/cost-ratio scenario
PC-000265,PRJ-007,2026-05-01,差旅及其他,43556.82,synthetic_scenario,Costs allocated from disclosed progress/cost-ratio scenario
PC-000266,PRJ-008,2026-01-01,材料,233534.39,synthetic_scenario,Costs allocated from disclosed progress/cost-ratio scenario
PC-000267,PRJ-008,2026-01-01,人工,68703.57,synthetic_scenario,Costs allocated from disclosed progress/cost-ratio scenario
PC-000268,PRJ-008,2026-01-01,设备,171492.75,synthetic_scenario,Costs allocated from disclosed progress/cost-ratio scenario
PC-000269,PRJ-008,2026-01-01,外包,142849.25,synthetic_scenario,Costs allocated from disclosed progress/cost-ratio scenario
PC-000270,PRJ-008,2026-01-01,差旅及其他,23487.05,synthetic_scenario,Costs allocated from disclosed progress/cost-ratio scenario
PC-000271,PRJ-008,2026-02-01,材料,233534.39,synthetic_scenario,Costs allocated from disclosed progress/cost-ratio scenario
PC-000272,PRJ-008,2026-02-01,人工,68703.57,synthetic_scenario,Costs allocated from disclosed progress/cost-ratio scenario
PC-000273,PRJ-008,2026-02-01,设备,171492.75,synthetic_scenario,Costs allocated from disclosed progress/cost-ratio scenario
PC-000274,PRJ-008,2026-02-01,外包,142849.25,synthetic_scenario,Costs allocated from disclosed progress/cost-ratio scenario
PC-000275,PRJ-008,2026-02-01,差旅及其他,23487.05,synthetic_scenario,Costs allocated from disclosed progress/cost-ratio scenario
PC-000276,PRJ-008,2026-03-01,材料,233534.39,synthetic_scenario,Costs allocated from disclosed progress/cost-ratio scenario
PC-000277,PRJ-008,2026-03-01,人工,68703.57,synthetic_scenario,Costs allocated from disclosed progress/cost-ratio scenario
PC-000278,PRJ-008,2026-03-01,设备,171492.75,synthetic_scenario,Costs allocated from disclosed progress/cost-ratio scenario
PC-000279,PRJ-008,2026-03-01,外包,142849.25,synthetic_scenario,Costs allocated from disclosed progress/cost-ratio scenario
PC-000280,PRJ-008,2026-03-01,差旅及其他,23487.05,synthetic_scenario,Costs allocated from disclosed progress/cost-ratio scenario
PC-000281,PRJ-008,2026-04-01,材料,233534.39,synthetic_scenario,Costs allocated from disclosed progress/cost-ratio scenario
PC-000282,PRJ-008,2026-04-01,人工,68703.57,synthetic_scenario,Costs allocated from disclosed progress/cost-ratio scenario
PC-000283,PRJ-008,2026-04-01,设备,171492.75,synthetic_scenario,Costs allocated from disclosed progress/cost-ratio scenario
PC-000284,PRJ-008,2026-04-01,外包,142849.25,synthetic_scenario,Costs allocated from disclosed progress/cost-ratio scenario
PC-000285,PRJ-008,2026-04-01,差旅及其他,23487.05,synthetic_scenario,Costs allocated from disclosed progress/cost-ratio scenario
PC-000286,PRJ-008,2026-05-01,材料,233534.39,synthetic_scenario,Costs allocated from disclosed progress/cost-ratio scenario
PC-000287,PRJ-008,2026-05-01,人工,68703.57,synthetic_scenario,Costs allocated from disclosed progress/cost-ratio scenario
PC-000288,PRJ-008,2026-05-01,设备,171492.75,synthetic_scenario,Costs allocated from disclosed progress/cost-ratio scenario
PC-000289,PRJ-008,2026-05-01,外包,142849.25,synthetic_scenario,Costs allocated from disclosed progress/cost-ratio scenario
PC-000290,PRJ-008,2026-05-01,差旅及其他,23487.05,synthetic_scenario,Costs allocated from disclosed progress/cost-ratio scenario
PC-000291,PRJ-008,2026-06-01,材料,233534.39,synthetic_scenario,Costs allocated from disclosed progress/cost-ratio scenario
PC-000292,PRJ-008,2026-06-01,人工,68703.57,synthetic_scenario,Costs allocated from disclosed progress/cost-ratio scenario
PC-000293,PRJ-008,2026-06-01,设备,171492.75,synthetic_scenario,Costs allocated from disclosed progress/cost-ratio scenario
PC-000294,PRJ-008,2026-06-01,外包,142849.25,synthetic_scenario,Costs allocated from disclosed progress/cost-ratio scenario
PC-000295,PRJ-008,2026-06-01,差旅及其他,23487.05,synthetic_scenario,Costs allocated from disclosed progress/cost-ratio scenario
PC-000296,PRJ-008,2026-07-01,材料,233534.39,synthetic_scenario,Costs allocated from disclosed progress/cost-ratio scenario
PC-000297,PRJ-008,2026-07-01,人工,68703.57,synthetic_scenario,Costs allocated from disclosed progress/cost-ratio scenario
PC-000298,PRJ-008,2026-07-01,设备,171492.75,synthetic_scenario,Costs allocated from disclosed progress/cost-ratio scenario
PC-000299,PRJ-008,2026-07-01,外包,142849.25,synthetic_scenario,Costs allocated from disclosed progress/cost-ratio scenario
PC-000300,PRJ-008,2026-07-01,差旅及其他,23487.05,synthetic_scenario,Costs allocated from disclosed progress/cost-ratio scenario
PC-000301,PRJ-008,2026-08-01,材料,233534.39,synthetic_scenario,Costs allocated from disclosed progress/cost-ratio scenario
PC-000302,PRJ-008,2026-08-01,人工,68703.57,synthetic_scenario,Costs allocated from disclosed progress/cost-ratio scenario
PC-000303,PRJ-008,2026-08-01,设备,171492.75,synthetic_scenario,Costs allocated from disclosed progress/cost-ratio scenario
PC-000304,PRJ-008,2026-08-01,外包,142849.25,synthetic_scenario,Costs allocated from disclosed progress/cost-ratio scenario
PC-000305,PRJ-008,2026-08-01,差旅及其他,23487.05,synthetic_scenario,Costs allocated from disclosed progress/cost-ratio scenario
PC-000306,PRJ-008,2026-09-01,材料,233534.39,synthetic_scenario,Costs allocated from disclosed progress/cost-ratio scenario
PC-000307,PRJ-008,2026-09-01,人工,68703.57,synthetic_scenario,Costs allocated from disclosed progress/cost-ratio scenario
PC-000308,PRJ-008,2026-09-01,设备,171492.75,synthetic_scenario,Costs allocated from disclosed progress/cost-ratio scenario
PC-000309,PRJ-008,2026-09-01,外包,142849.25,synthetic_scenario,Costs allocated from disclosed progress/cost-ratio scenario
PC-000310,PRJ-008,2026-09-01,差旅及其他,23487.05,synthetic_scenario,Costs allocated from disclosed progress/cost-ratio scenario
PC-000311,PRJ-008,2026-10-01,材料,233534.39,synthetic_scenario,Costs allocated from disclosed progress/cost-ratio scenario
PC-000312,PRJ-008,2026-10-01,人工,68703.57,synthetic_scenario,Costs allocated from disclosed progress/cost-ratio scenario
PC-000313,PRJ-008,2026-10-01,设备,171492.75,synthetic_scenario,Costs allocated from disclosed progress/cost-ratio scenario
PC-000314,PRJ-008,2026-10-01,外包,142849.25,synthetic_scenario,Costs allocated from disclosed progress/cost-ratio scenario
PC-000315,PRJ-008,2026-10-01,差旅及其他,23487.05,synthetic_scenario,Costs allocated from disclosed progress/cost-ratio scenario
PC-000316,PRJ-009,2026-01-01,材料,139635.45,synthetic_scenario,Costs allocated from disclosed progress/cost-ratio scenario
PC-000317,PRJ-009,2026-01-01,人工,91433.98,synthetic_scenario,Costs allocated from disclosed progress/cost-ratio scenario
PC-000318,PRJ-009,2026-01-01,设备,168331.2,synthetic_scenario,Costs allocated from disclosed progress/cost-ratio scenario
PC-000319,PRJ-009,2026-01-01,外包,68796.37,synthetic_scenario,Costs allocated from disclosed progress/cost-ratio scenario
PC-000320,PRJ-009,2026-01-01,差旅及其他,5280.97,synthetic_scenario,Costs allocated from disclosed progress/cost-ratio scenario
PC-000321,PRJ-009,2026-02-01,材料,139635.45,synthetic_scenario,Costs allocated from disclosed progress/cost-ratio scenario
PC-000322,PRJ-009,2026-02-01,人工,91433.98,synthetic_scenario,Costs allocated from disclosed progress/cost-ratio scenario
PC-000323,PRJ-009,2026-02-01,设备,168331.2,synthetic_scenario,Costs allocated from disclosed progress/cost-ratio scenario
PC-000324,PRJ-009,2026-02-01,外包,68796.37,synthetic_scenario,Costs allocated from disclosed progress/cost-ratio scenario
PC-000325,PRJ-009,2026-02-01,差旅及其他,5280.97,synthetic_scenario,Costs allocated from disclosed progress/cost-ratio scenario
PC-000326,PRJ-009,2026-03-01,材料,139635.45,synthetic_scenario,Costs allocated from disclosed progress/cost-ratio scenario
PC-000327,PRJ-009,2026-03-01,人工,91433.98,synthetic_scenario,Costs allocated from disclosed progress/cost-ratio scenario
PC-000328,PRJ-009,2026-03-01,设备,168331.2,synthetic_scenario,Costs allocated from disclosed progress/cost-ratio scenario
PC-000329,PRJ-009,2026-03-01,外包,68796.37,synthetic_scenario,Costs allocated from disclosed progress/cost-ratio scenario
PC-000330,PRJ-009,2026-03-01,差旅及其他,5280.97,synthetic_scenario,Costs allocated from disclosed progress/cost-ratio scenario
PC-000331,PRJ-009,2026-04-01,材料,139635.45,synthetic_scenario,Costs allocated from disclosed progress/cost-ratio scenario
PC-000332,PRJ-009,2026-04-01,人工,91433.98,synthetic_scenario,Costs allocated from disclosed progress/cost-ratio scenario
PC-000333,PRJ-009,2026-04-01,设备,168331.2,synthetic_scenario,Costs allocated from disclosed progress/cost-ratio scenario
PC-000334,PRJ-009,2026-04-01,外包,68796.37,synthetic_scenario,Costs allocated from disclosed progress/cost-ratio scenario
PC-000335,PRJ-009,2026-04-01,差旅及其他,5280.97,synthetic_scenario,Costs allocated from disclosed progress/cost-ratio scenario
PC-000336,PRJ-009,2026-05-01,材料,139635.45,synthetic_scenario,Costs allocated from disclosed progress/cost-ratio scenario
PC-000337,PRJ-009,2026-05-01,人工,91433.98,synthetic_scenario,Costs allocated from disclosed progress/cost-ratio scenario
PC-000338,PRJ-009,2026-05-01,设备,168331.2,synthetic_scenario,Costs allocated from disclosed progress/cost-ratio scenario
PC-000339,PRJ-009,2026-05-01,外包,68796.37,synthetic_scenario,Costs allocated from disclosed progress/cost-ratio scenario
PC-000340,PRJ-009,2026-05-01,差旅及其他,5280.97,synthetic_scenario,Costs allocated from disclosed progress/cost-ratio scenario
PC-000341,PRJ-009,2026-06-01,材料,139635.45,synthetic_scenario,Costs allocated from disclosed progress/cost-ratio scenario
PC-000342,PRJ-009,2026-06-01,人工,91433.98,synthetic_scenario,Costs allocated from disclosed progress/cost-ratio scenario
PC-000343,PRJ-009,2026-06-01,设备,168331.2,synthetic_scenario,Costs allocated from disclosed progress/cost-ratio scenario
PC-000344,PRJ-009,2026-06-01,外包,68796.37,synthetic_scenario,Costs allocated from disclosed progress/cost-ratio scenario
PC-000345,PRJ-009,2026-06-01,差旅及其他,5280.97,synthetic_scenario,Costs allocated from disclosed progress/cost-ratio scenario
PC-000346,PRJ-009,2026-07-01,材料,139635.45,synthetic_scenario,Costs allocated from disclosed progress/cost-ratio scenario
PC-000347,PRJ-009,2026-07-01,人工,91433.98,synthetic_scenario,Costs allocated from disclosed progress/cost-ratio scenario
PC-000348,PRJ-009,2026-07-01,设备,168331.2,synthetic_scenario,Costs allocated from disclosed progress/cost-ratio scenario
PC-000349,PRJ-009,2026-07-01,外包,68796.37,synthetic_scenario,Costs allocated from disclosed progress/cost-ratio scenario
PC-000350,PRJ-009,2026-07-01,差旅及其他,5280.97,synthetic_scenario,Costs allocated from disclosed progress/cost-ratio scenario
PC-000351,PRJ-009,2026-08-01,材料,139635.45,synthetic_scenario,Costs allocated from disclosed progress/cost-ratio scenario
PC-000352,PRJ-009,2026-08-01,人工,91433.98,synthetic_scenario,Costs allocated from disclosed progress/cost-ratio scenario
PC-000353,PRJ-009,2026-08-01,设备,168331.2,synthetic_scenario,Costs allocated from disclosed progress/cost-ratio scenario
PC-000354,PRJ-009,2026-08-01,外包,68796.37,synthetic_scenario,Costs allocated from disclosed progress/cost-ratio scenario
PC-000355,PRJ-009,2026-08-01,差旅及其他,5280.97,synthetic_scenario,Costs allocated from disclosed progress/cost-ratio scenario
PC-000356,PRJ-009,2026-09-01,材料,139635.45,synthetic_scenario,Costs allocated from disclosed progress/cost-ratio scenario
PC-000357,PRJ-009,2026-09-01,人工,91433.98,synthetic_scenario,Costs allocated from disclosed progress/cost-ratio scenario
PC-000358,PRJ-009,2026-09-01,设备,168331.2,synthetic_scenario,Costs allocated from disclosed progress/cost-ratio scenario
PC-000359,PRJ-009,2026-09-01,外包,68796.37,synthetic_scenario,Costs allocated from disclosed progress/cost-ratio scenario
PC-000360,PRJ-009,2026-09-01,差旅及其他,5280.97,synthetic_scenario,Costs allocated from disclosed progress/cost-ratio scenario
PC-000361,PRJ-009,2026-10-01,材料,139635.45,synthetic_scenario,Costs allocated from disclosed progress/cost-ratio scenario
PC-000362,PRJ-009,2026-10-01,人工,91433.98,synthetic_scenario,Costs allocated from disclosed progress/cost-ratio scenario
PC-000363,PRJ-009,2026-10-01,设备,168331.2,synthetic_scenario,Costs allocated from disclosed progress/cost-ratio scenario
PC-000364,PRJ-009,2026-10-01,外包,68796.37,synthetic_scenario,Costs allocated from disclosed progress/cost-ratio scenario
PC-000365,PRJ-009,2026-10-01,差旅及其他,5280.97,synthetic_scenario,Costs allocated from disclosed progress/cost-ratio scenario
PC-000366,PRJ-010,2026-01-01,材料,294016.56,synthetic_scenario,Costs allocated from disclosed progress/cost-ratio scenario
PC-000367,PRJ-010,2026-01-01,人工,106643.94,synthetic_scenario,Costs allocated from disclosed progress/cost-ratio scenario
PC-000368,PRJ-010,2026-01-01,设备,455864.5,synthetic_scenario,Costs allocated from disclosed progress/cost-ratio scenario
PC-000369,PRJ-010,2026-01-01,外包,73448.53,synthetic_scenario,Costs allocated from disclosed progress/cost-ratio scenario
PC-000370,PRJ-010,2026-01-01,差旅及其他,4331.78,synthetic_scenario,Costs allocated from disclosed progress/cost-ratio scenario
PC-000371,PRJ-010,2026-02-01,材料,294016.56,synthetic_scenario,Costs allocated from disclosed progress/cost-ratio scenario
PC-000372,PRJ-010,2026-02-01,人工,106643.94,synthetic_scenario,Costs allocated from disclosed progress/cost-ratio scenario
PC-000373,PRJ-010,2026-02-01,设备,455864.5,synthetic_scenario,Costs allocated from disclosed progress/cost-ratio scenario
PC-000374,PRJ-010,2026-02-01,外包,73448.53,synthetic_scenario,Costs allocated from disclosed progress/cost-ratio scenario
PC-000375,PRJ-010,2026-02-01,差旅及其他,4331.78,synthetic_scenario,Costs allocated from disclosed progress/cost-ratio scenario
PC-000376,PRJ-010,2026-03-01,材料,294016.56,synthetic_scenario,Costs allocated from disclosed progress/cost-ratio scenario
PC-000377,PRJ-010,2026-03-01,人工,106643.94,synthetic_scenario,Costs allocated from disclosed progress/cost-ratio scenario
PC-000378,PRJ-010,2026-03-01,设备,455864.5,synthetic_scenario,Costs allocated from disclosed progress/cost-ratio scenario
PC-000379,PRJ-010,2026-03-01,外包,73448.53,synthetic_scenario,Costs allocated from disclosed progress/cost-ratio scenario
PC-000380,PRJ-010,2026-03-01,差旅及其他,4331.78,synthetic_scenario,Costs allocated from disclosed progress/cost-ratio scenario
PC-000381,PRJ-010,2026-04-01,材料,294016.56,synthetic_scenario,Costs allocated from disclosed progress/cost-ratio scenario
PC-000382,PRJ-010,2026-04-01,人工,106643.94,synthetic_scenario,Costs allocated from disclosed progress/cost-ratio scenario
PC-000383,PRJ-010,2026-04-01,设备,455864.5,synthetic_scenario,Costs allocated from disclosed progress/cost-ratio scenario
PC-000384,PRJ-010,2026-04-01,外包,73448.53,synthetic_scenario,Costs allocated from disclosed progress/cost-ratio scenario
PC-000385,PRJ-010,2026-04-01,差旅及其他,4331.78,synthetic_scenario,Costs allocated from disclosed progress/cost-ratio scenario
PC-000386,PRJ-010,2026-05-01,材料,294016.56,synthetic_scenario,Costs allocated from disclosed progress/cost-ratio scenario
PC-000387,PRJ-010,2026-05-01,人工,106643.94,synthetic_scenario,Costs allocated from disclosed progress/cost-ratio scenario
PC-000388,PRJ-010,2026-05-01,设备,455864.5,synthetic_scenario,Costs allocated from disclosed progress/cost-ratio scenario
PC-000389,PRJ-010,2026-05-01,外包,73448.53,synthetic_scenario,Costs allocated from disclosed progress/cost-ratio scenario
PC-000390,PRJ-010,2026-05-01,差旅及其他,4331.78,synthetic_scenario,Costs allocated from disclosed progress/cost-ratio scenario
