audit_id,month,department,product_id,waste_type,quantity,standard_cost,waste_amount,root_cause,source_class,source_note
WST-00001,2026-06-01,质量部,902,报废,4,199.8519,388.3,计划变更,synthetic_scenario,Waste audit scenario calibrated to supplied product standard costs
WST-00002,2026-03-01,设备部,939,材料超耗,16,27.568,341.18,设备精度,synthetic_scenario,Waste audit scenario calibrated to supplied product standard costs
WST-00003,2026-05-01,生产二部,360,材料超耗,14,0.0,0.0,操作偏差,synthetic_scenario,Waste audit scenario calibrated to supplied product standard costs
WST-00004,2026-03-01,质量部,740,能源超耗,9,706.811,4963.72,计划变更,synthetic_scenario,Waste audit scenario calibrated to supplied product standard costs
WST-00005,2026-12-01,生产二部,412,材料超耗,8,0.0,0.0,计划变更,synthetic_scenario,Waste audit scenario calibrated to supplied product standard costs
WST-00006,2026-01-01,生产二部,384,报废,4,0.0,0.0,工艺参数,synthetic_scenario,Waste audit scenario calibrated to supplied product standard costs
WST-00007,2026-04-01,设备部,781,材料超耗,8,1265.6195,4925.71,工艺参数,synthetic_scenario,Waste audit scenario calibrated to supplied product standard costs
WST-00008,2026-06-01,生产二部,487,返工,3,0.0,0.0,来料质量,synthetic_scenario,Waste audit scenario calibrated to supplied product standard costs
WST-00009,2026-11-01,生产一部,332,非计划领料,15,0.0,0.0,来料质量,synthetic_scenario,Waste audit scenario calibrated to supplied product standard costs
WST-00010,2026-10-01,设备部,961,设备停机,9,461.4448,4113.4,来料质量,synthetic_scenario,Waste audit scenario calibrated to supplied product standard costs
WST-00011,2026-12-01,生产二部,809,返工,8,27.4925,222.72,工艺参数,synthetic_scenario,Waste audit scenario calibrated to supplied product standard costs
WST-00012,2026-10-01,质量部,506,材料超耗,12,0.0,0.0,工艺参数,synthetic_scenario,Waste audit scenario calibrated to supplied product standard costs
WST-00013,2026-07-01,生产二部,787,返工,17,598.4354,4665.09,来料质量,synthetic_scenario,Waste audit scenario calibrated to supplied product standard costs
WST-00014,2026-11-01,生产一部,892,材料超耗,16,601.7437,7435.76,操作偏差,synthetic_scenario,Waste audit scenario calibrated to supplied product standard costs
WST-00015,2026-04-01,生产二部,389,能源超耗,1,0.0,0.0,计划变更,synthetic_scenario,Waste audit scenario calibrated to supplied product standard costs
WST-00016,2026-09-01,生产一部,373,返工,15,0.0,0.0,操作偏差,synthetic_scenario,Waste audit scenario calibrated to supplied product standard costs
WST-00017,2026-02-01,设备部,735,能源超耗,14,352.1394,5560.16,工艺参数,synthetic_scenario,Waste audit scenario calibrated to supplied product standard costs
WST-00018,2026-09-01,生产一部,739,返工,10,747.2002,5697.42,来料质量,synthetic_scenario,Waste audit scenario calibrated to supplied product standard costs
WST-00019,2026-10-01,生产一部,489,设备停机,6,0.0,0.0,操作偏差,synthetic_scenario,Waste audit scenario calibrated to supplied product standard costs
WST-00020,2026-04-01,生产一部,506,非计划领料,5,0.0,0.0,设备精度,synthetic_scenario,Waste audit scenario calibrated to supplied product standard costs
WST-00021,2026-12-01,设备部,922,非计划领料,3,1.4923,2.94,操作偏差,synthetic_scenario,Waste audit scenario calibrated to supplied product standard costs
WST-00022,2026-02-01,生产二部,943,返工,6,136.785,636.5,操作偏差,synthetic_scenario,Waste audit scenario calibrated to supplied product standard costs
WST-00023,2026-08-01,设备部,878,材料超耗,2,8.2205,6.74,来料质量,synthetic_scenario,Waste audit scenario calibrated to supplied product standard costs
WST-00024,2026-05-01,生产二部,854,非计划领料,13,30.9334,169.68,工艺参数,synthetic_scenario,Waste audit scenario calibrated to supplied product standard costs
WST-00025,2026-04-01,设备部,398,报废,15,0.0,0.0,计划变更,synthetic_scenario,Waste audit scenario calibrated to supplied product standard costs
WST-00026,2026-01-01,设备部,888,报废,9,601.7437,2762.51,来料质量,synthetic_scenario,Waste audit scenario calibrated to supplied product standard costs
WST-00027,2026-10-01,生产一部,890,返工,17,601.7437,4975.0,工艺参数,synthetic_scenario,Waste audit scenario calibrated to supplied product standard costs
WST-00028,2026-02-01,生产二部,451,能源超耗,7,0.0,0.0,工艺参数,synthetic_scenario,Waste audit scenario calibrated to supplied product standard costs
WST-00029,2026-03-01,设备部,428,报废,2,0.0,0.0,设备精度,synthetic_scenario,Waste audit scenario calibrated to supplied product standard costs
WST-00030,2026-06-01,设备部,765,非计划领料,10,486.7066,4854.73,设备精度,synthetic_scenario,Waste audit scenario calibrated to supplied product standard costs
WST-00031,2026-02-01,生产一部,829,材料超耗,5,108.7844,231.36,来料质量,synthetic_scenario,Waste audit scenario calibrated to supplied product standard costs
WST-00032,2026-11-01,设备部,447,报废,17,0.0,0.0,操作偏差,synthetic_scenario,Waste audit scenario calibrated to supplied product standard costs
WST-00033,2026-02-01,质量部,725,报废,11,187.1571,1362.15,计划变更,synthetic_scenario,Waste audit scenario calibrated to supplied product standard costs
WST-00034,2026-07-01,设备部,884,能源超耗,16,41.5723,664.07,工艺参数,synthetic_scenario,Waste audit scenario calibrated to supplied product standard costs
WST-00035,2026-06-01,生产二部,998,材料超耗,12,343.6496,1579.36,设备精度,synthetic_scenario,Waste audit scenario calibrated to supplied product standard costs
WST-00036,2026-02-01,生产二部,395,报废,2,0.0,0.0,操作偏差,synthetic_scenario,Waste audit scenario calibrated to supplied product standard costs
WST-00037,2026-11-01,设备部,509,能源超耗,15,0.0,0.0,工艺参数,synthetic_scenario,Waste audit scenario calibrated to supplied product standard costs
WST-00038,2026-11-01,生产一部,850,返工,13,24.7459,113.3,操作偏差,synthetic_scenario,Waste audit scenario calibrated to supplied product standard costs
WST-00039,2026-07-01,生产一部,680,返工,1,1059.31,758.63,操作偏差,synthetic_scenario,Waste audit scenario calibrated to supplied product standard costs
WST-00040,2026-11-01,质量部,441,材料超耗,2,0.0,0.0,计划变更,synthetic_scenario,Waste audit scenario calibrated to supplied product standard costs
WST-00041,2026-07-01,设备部,357,材料超耗,2,0.0,0.0,计划变更,synthetic_scenario,Waste audit scenario calibrated to supplied product standard costs
WST-00042,2026-07-01,生产二部,374,材料超耗,16,0.0,0.0,计划变更,synthetic_scenario,Waste audit scenario calibrated to supplied product standard costs
WST-00043,2026-06-01,生产二部,792,报废,11,1554.9479,8412.57,设备精度,synthetic_scenario,Waste audit scenario calibrated to supplied product standard costs
WST-00044,2026-12-01,质量部,883,报废,2,41.5723,64.54,工艺参数,synthetic_scenario,Waste audit scenario calibrated to supplied product standard costs
WST-00045,2026-05-01,质量部,531,材料超耗,17,0.0,0.0,操作偏差,synthetic_scenario,Waste audit scenario calibrated to supplied product standard costs
WST-00046,2026-06-01,设备部,942,材料超耗,15,199.3757,3364.7,计划变更,synthetic_scenario,Waste audit scenario calibrated to supplied product standard costs
WST-00047,2026-10-01,生产二部,758,返工,5,884.7083,3717.7,设备精度,synthetic_scenario,Waste audit scenario calibrated to supplied product standard costs
WST-00048,2026-08-01,生产一部,938,报废,14,17.9776,181.9,来料质量,synthetic_scenario,Waste audit scenario calibrated to supplied product standard costs
WST-00049,2026-01-01,设备部,406,返工,5,0.0,0.0,操作偏差,synthetic_scenario,Waste audit scenario calibrated to supplied product standard costs
WST-00050,2026-08-01,质量部,747,返工,17,739.041,11603.2,操作偏差,synthetic_scenario,Waste audit scenario calibrated to supplied product standard costs
WST-00051,2026-02-01,生产一部,452,材料超耗,3,0.0,0.0,来料质量,synthetic_scenario,Waste audit scenario calibrated to supplied product standard costs
WST-00052,2026-06-01,生产二部,531,材料超耗,10,0.0,0.0,设备精度,synthetic_scenario,Waste audit scenario calibrated to supplied product standard costs
WST-00053,2026-09-01,生产一部,909,返工,9,17.3782,76.75,来料质量,synthetic_scenario,Waste audit scenario calibrated to supplied product standard costs
WST-00054,2026-11-01,质量部,794,返工,8,1554.9479,8953.09,计划变更,synthetic_scenario,Waste audit scenario calibrated to supplied product standard costs
WST-00055,2026-06-01,生产一部,418,材料超耗,3,0.0,0.0,来料质量,synthetic_scenario,Waste audit scenario calibrated to supplied product standard costs
WST-00056,2026-04-01,生产一部,348,非计划领料,5,0.0,0.0,计划变更,synthetic_scenario,Waste audit scenario calibrated to supplied product standard costs
WST-00057,2026-06-01,质量部,801,报废,1,713.0798,508.75,计划变更,synthetic_scenario,Waste audit scenario calibrated to supplied product standard costs
WST-00058,2026-02-01,设备部,419,能源超耗,11,0.0,0.0,工艺参数,synthetic_scenario,Waste audit scenario calibrated to supplied product standard costs
WST-00059,2026-04-01,生产一部,721,报废,8,868.6342,3884.48,计划变更,synthetic_scenario,Waste audit scenario calibrated to supplied product standard costs
WST-00060,2026-05-01,生产二部,776,返工,17,1898.0944,20964.02,操作偏差,synthetic_scenario,Waste audit scenario calibrated to supplied product standard costs
WST-00061,2026-01-01,生产二部,949,返工,17,77.9176,1310.83,计划变更,synthetic_scenario,Waste audit scenario calibrated to supplied product standard costs
WST-00062,2026-03-01,设备部,901,材料超耗,13,199.8519,2384.07,操作偏差,synthetic_scenario,Waste audit scenario calibrated to supplied product standard costs
WST-00063,2026-06-01,设备部,491,返工,1,0.0,0.0,工艺参数,synthetic_scenario,Waste audit scenario calibrated to supplied product standard costs
WST-00064,2026-04-01,生产二部,735,报废,17,352.1394,5537.43,计划变更,synthetic_scenario,Waste audit scenario calibrated to supplied product standard costs
WST-00065,2026-09-01,生产一部,777,返工,4,1898.0944,6994.77,操作偏差,synthetic_scenario,Waste audit scenario calibrated to supplied product standard costs
WST-00066,2026-05-01,生产一部,897,报废,3,199.8519,684.87,工艺参数,synthetic_scenario,Waste audit scenario calibrated to supplied product standard costs
WST-00067,2026-04-01,生产一部,903,能源超耗,16,199.8519,2079.9,操作偏差,synthetic_scenario,Waste audit scenario calibrated to supplied product standard costs
WST-00068,2026-11-01,生产二部,370,报废,2,0.0,0.0,计划变更,synthetic_scenario,Waste audit scenario calibrated to supplied product standard costs
WST-00069,2026-05-01,设备部,907,返工,8,47.286,136.9,操作偏差,synthetic_scenario,Waste audit scenario calibrated to supplied product standard costs
WST-00070,2026-10-01,设备部,796,返工,12,1554.9479,8712.28,来料质量,synthetic_scenario,Waste audit scenario calibrated to supplied product standard costs
WST-00071,2026-02-01,质量部,938,返工,10,17.9776,63.43,设备精度,synthetic_scenario,Waste audit scenario calibrated to supplied product standard costs
WST-00072,2026-06-01,生产一部,759,非计划领料,17,486.7066,5084.76,设备精度,synthetic_scenario,Waste audit scenario calibrated to supplied product standard costs
WST-00073,2026-02-01,质量部,1,非计划领料,12,0.0,0.0,操作偏差,synthetic_scenario,Waste audit scenario calibrated to supplied product standard costs
WST-00074,2026-07-01,质量部,421,材料超耗,11,0.0,0.0,计划变更,synthetic_scenario,Waste audit scenario calibrated to supplied product standard costs
WST-00075,2026-10-01,质量部,961,材料超耗,15,461.4448,2456.64,来料质量,synthetic_scenario,Waste audit scenario calibrated to supplied product standard costs
WST-00076,2026-04-01,生产二部,765,返工,4,486.7066,977.51,工艺参数,synthetic_scenario,Waste audit scenario calibrated to supplied product standard costs
WST-00077,2026-01-01,设备部,897,设备停机,3,199.8519,565.2,设备精度,synthetic_scenario,Waste audit scenario calibrated to supplied product standard costs
WST-00078,2026-03-01,质量部,837,非计划领料,9,868.6342,3624.54,来料质量,synthetic_scenario,Waste audit scenario calibrated to supplied product standard costs
WST-00079,2026-12-01,设备部,831,报废,13,185.8193,2499.47,设备精度,synthetic_scenario,Waste audit scenario calibrated to supplied product standard costs
WST-00080,2026-10-01,设备部,390,非计划领料,1,0.0,0.0,操作偏差,synthetic_scenario,Waste audit scenario calibrated to supplied product standard costs
WST-00081,2026-08-01,质量部,940,报废,6,35.9596,187.31,设备精度,synthetic_scenario,Waste audit scenario calibrated to supplied product standard costs
WST-00082,2026-11-01,设备部,982,材料超耗,8,419.7784,2856.99,工艺参数,synthetic_scenario,Waste audit scenario calibrated to supplied product standard costs
WST-00083,2026-01-01,生产二部,480,能源超耗,3,0.0,0.0,设备精度,synthetic_scenario,Waste audit scenario calibrated to supplied product standard costs
WST-00084,2026-11-01,生产一部,468,报废,10,0.0,0.0,计划变更,synthetic_scenario,Waste audit scenario calibrated to supplied product standard costs
WST-00085,2026-06-01,生产二部,901,报废,16,199.8519,3244.78,设备精度,synthetic_scenario,Waste audit scenario calibrated to supplied product standard costs
WST-00086,2026-04-01,生产二部,491,非计划领料,7,0.0,0.0,计划变更,synthetic_scenario,Waste audit scenario calibrated to supplied product standard costs
WST-00087,2026-04-01,设备部,721,报废,11,868.6342,5476.9,来料质量,synthetic_scenario,Waste audit scenario calibrated to supplied product standard costs
WST-00088,2026-09-01,生产二部,523,报废,13,0.0,0.0,操作偏差,synthetic_scenario,Waste audit scenario calibrated to supplied product standard costs
WST-00089,2026-06-01,设备部,771,设备停机,14,1912.1544,12990.2,来料质量,synthetic_scenario,Waste audit scenario calibrated to supplied product standard costs
WST-00090,2026-04-01,质量部,731,返工,14,352.1394,4160.19,来料质量,synthetic_scenario,Waste audit scenario calibrated to supplied product standard costs
WST-00091,2026-08-01,生产二部,804,非计划领料,5,101.8936,180.18,设备精度,synthetic_scenario,Waste audit scenario calibrated to supplied product standard costs
WST-00092,2026-02-01,质量部,886,材料超耗,16,199.8519,1126.54,来料质量,synthetic_scenario,Waste audit scenario calibrated to supplied product standard costs
WST-00093,2026-01-01,设备部,407,能源超耗,17,0.0,0.0,计划变更,synthetic_scenario,Waste audit scenario calibrated to supplied product standard costs
WST-00094,2026-02-01,生产二部,495,报废,7,0.0,0.0,工艺参数,synthetic_scenario,Waste audit scenario calibrated to supplied product standard costs
WST-00095,2026-08-01,设备部,480,材料超耗,4,0.0,0.0,操作偏差,synthetic_scenario,Waste audit scenario calibrated to supplied product standard costs
WST-00096,2026-08-01,质量部,898,材料超耗,13,199.8519,2686.71,计划变更,synthetic_scenario,Waste audit scenario calibrated to supplied product standard costs
WST-00097,2026-07-01,生产一部,937,报废,7,35.9596,119.76,设备精度,synthetic_scenario,Waste audit scenario calibrated to supplied product standard costs
WST-00098,2026-02-01,生产一部,360,材料超耗,2,0.0,0.0,计划变更,synthetic_scenario,Waste audit scenario calibrated to supplied product standard costs
WST-00099,2026-07-01,质量部,352,材料超耗,15,0.0,0.0,来料质量,synthetic_scenario,Waste audit scenario calibrated to supplied product standard costs
WST-00100,2026-02-01,生产一部,760,材料超耗,14,486.7066,3483.71,来料质量,synthetic_scenario,Waste audit scenario calibrated to supplied product standard costs
WST-00101,2026-06-01,生产一部,380,材料超耗,1,0.0,0.0,操作偏差,synthetic_scenario,Waste audit scenario calibrated to supplied product standard costs
WST-00102,2026-01-01,生产一部,470,设备停机,2,0.0,0.0,操作偏差,synthetic_scenario,Waste audit scenario calibrated to supplied product standard costs
WST-00103,2026-08-01,质量部,840,返工,13,868.6342,7193.41,操作偏差,synthetic_scenario,Waste audit scenario calibrated to supplied product standard costs
WST-00104,2026-03-01,质量部,829,返工,11,108.7844,643.25,操作偏差,synthetic_scenario,Waste audit scenario calibrated to supplied product standard costs
WST-00105,2026-07-01,生产二部,868,非计划领料,14,26.1763,170.66,计划变更,synthetic_scenario,Waste audit scenario calibrated to supplied product standard costs
WST-00106,2026-08-01,生产一部,427,能源超耗,12,0.0,0.0,计划变更,synthetic_scenario,Waste audit scenario calibrated to supplied product standard costs
WST-00107,2026-01-01,生产二部,728,返工,17,187.1571,1678.03,计划变更,synthetic_scenario,Waste audit scenario calibrated to supplied product standard costs
WST-00108,2026-08-01,设备部,885,材料超耗,16,601.7437,7500.62,计划变更,synthetic_scenario,Waste audit scenario calibrated to supplied product standard costs
WST-00109,2026-04-01,设备部,332,报废,7,0.0,0.0,设备精度,synthetic_scenario,Waste audit scenario calibrated to supplied product standard costs
WST-00110,2026-05-01,生产二部,410,材料超耗,9,0.0,0.0,操作偏差,synthetic_scenario,Waste audit scenario calibrated to supplied product standard costs
WST-00111,2026-04-01,设备部,513,非计划领料,11,0.0,0.0,工艺参数,synthetic_scenario,Waste audit scenario calibrated to supplied product standard costs
WST-00112,2026-04-01,生产一部,522,返工,3,145.87,436.66,工艺参数,synthetic_scenario,Waste audit scenario calibrated to supplied product standard costs
WST-00113,2026-03-01,设备部,389,能源超耗,17,0.0,0.0,操作偏差,synthetic_scenario,Waste audit scenario calibrated to supplied product standard costs
WST-00114,2026-05-01,设备部,442,非计划领料,9,0.0,0.0,设备精度,synthetic_scenario,Waste audit scenario calibrated to supplied product standard costs
WST-00115,2026-07-01,设备部,820,报废,14,146.5466,1649.68,操作偏差,synthetic_scenario,Waste audit scenario calibrated to supplied product standard costs
WST-00116,2026-11-01,质量部,877,返工,14,2.9733,15.47,操作偏差,synthetic_scenario,Waste audit scenario calibrated to supplied product standard costs
WST-00117,2026-10-01,质量部,713,能源超耗,13,38.4923,564.31,来料质量,synthetic_scenario,Waste audit scenario calibrated to supplied product standard costs
WST-00118,2026-02-01,设备部,532,返工,12,0.0,0.0,计划变更,synthetic_scenario,Waste audit scenario calibrated to supplied product standard costs
WST-00119,2026-09-01,生产二部,796,材料超耗,14,1554.9479,11206.18,来料质量,synthetic_scenario,Waste audit scenario calibrated to supplied product standard costs
WST-00120,2026-08-01,设备部,945,材料超耗,6,40.6216,137.24,来料质量,synthetic_scenario,Waste audit scenario calibrated to supplied product standard costs
WST-00121,2026-09-01,设备部,736,返工,11,204.6251,1969.01,计划变更,synthetic_scenario,Waste audit scenario calibrated to supplied product standard costs
WST-00122,2026-05-01,质量部,995,报废,14,44.9506,430.84,来料质量,synthetic_scenario,Waste audit scenario calibrated to supplied product standard costs
WST-00123,2026-03-01,生产二部,982,返工,14,419.7784,4024.63,操作偏差,synthetic_scenario,Waste audit scenario calibrated to supplied product standard costs
WST-00124,2026-09-01,生产二部,920,设备停机,13,144.5938,800.93,操作偏差,synthetic_scenario,Waste audit scenario calibrated to supplied product standard costs
WST-00125,2026-11-01,生产一部,729,设备停机,13,187.1571,1289.03,计划变更,synthetic_scenario,Waste audit scenario calibrated to supplied product standard costs
WST-00126,2026-12-01,质量部,770,报废,4,486.7066,2204.68,计划变更,synthetic_scenario,Waste audit scenario calibrated to supplied product standard costs
WST-00127,2026-07-01,生产一部,325,报废,12,0.0,0.0,来料质量,synthetic_scenario,Waste audit scenario calibrated to supplied product standard costs
WST-00128,2026-05-01,生产二部,972,材料超耗,14,755.1508,11157.41,计划变更,synthetic_scenario,Waste audit scenario calibrated to supplied product standard costs
WST-00129,2026-05-01,生产一部,477,材料超耗,6,0.0,0.0,工艺参数,synthetic_scenario,Waste audit scenario calibrated to supplied product standard costs
WST-00130,2026-10-01,设备部,318,返工,9,0.0,0.0,工艺参数,synthetic_scenario,Waste audit scenario calibrated to supplied product standard costs
WST-00131,2026-05-01,生产一部,976,非计划领料,3,1082.51,3376.52,计划变更,synthetic_scenario,Waste audit scenario calibrated to supplied product standard costs
WST-00132,2026-12-01,生产一部,740,能源超耗,2,706.811,1239.11,工艺参数,synthetic_scenario,Waste audit scenario calibrated to supplied product standard costs
WST-00133,2026-10-01,生产二部,893,材料超耗,16,601.7437,8373.94,计划变更,synthetic_scenario,Waste audit scenario calibrated to supplied product standard costs
WST-00134,2026-01-01,生产一部,995,设备停机,10,44.9506,497.02,设备精度,synthetic_scenario,Waste audit scenario calibrated to supplied product standard costs
WST-00135,2026-02-01,生产一部,785,报废,13,598.4354,6834.23,工艺参数,synthetic_scenario,Waste audit scenario calibrated to supplied product standard costs
WST-00136,2026-03-01,生产二部,884,返工,11,41.5723,508.94,操作偏差,synthetic_scenario,Waste audit scenario calibrated to supplied product standard costs
WST-00137,2026-03-01,设备部,887,报废,15,601.7437,5352.48,操作偏差,synthetic_scenario,Waste audit scenario calibrated to supplied product standard costs
WST-00138,2026-02-01,设备部,738,能源超耗,5,204.6251,955.69,计划变更,synthetic_scenario,Waste audit scenario calibrated to supplied product standard costs
WST-00139,2026-06-01,设备部,530,报废,13,0.0,0.0,设备精度,synthetic_scenario,Waste audit scenario calibrated to supplied product standard costs
WST-00140,2026-08-01,质量部,516,能源超耗,16,145.87,2054.64,工艺参数,synthetic_scenario,Waste audit scenario calibrated to supplied product standard costs
WST-00141,2026-09-01,生产一部,680,材料超耗,5,1059.31,3123.57,工艺参数,synthetic_scenario,Waste audit scenario calibrated to supplied product standard costs
WST-00142,2026-04-01,生产一部,893,材料超耗,5,601.7437,2324.34,工艺参数,synthetic_scenario,Waste audit scenario calibrated to supplied product standard costs
WST-00143,2026-01-01,生产一部,408,报废,5,0.0,0.0,来料质量,synthetic_scenario,Waste audit scenario calibrated to supplied product standard costs
WST-00144,2026-06-01,设备部,369,材料超耗,10,0.0,0.0,工艺参数,synthetic_scenario,Waste audit scenario calibrated to supplied product standard costs
WST-00145,2026-12-01,生产二部,792,非计划领料,11,1554.9479,16043.1,操作偏差,synthetic_scenario,Waste audit scenario calibrated to supplied product standard costs
WST-00146,2026-09-01,生产一部,774,报废,3,1912.1544,6007.26,设备精度,synthetic_scenario,Waste audit scenario calibrated to supplied product standard costs
WST-00147,2026-09-01,设备部,2,非计划领料,4,0.0,0.0,工艺参数,synthetic_scenario,Waste audit scenario calibrated to supplied product standard costs
WST-00148,2026-02-01,生产一部,469,材料超耗,8,0.0,0.0,计划变更,synthetic_scenario,Waste audit scenario calibrated to supplied product standard costs
WST-00149,2026-02-01,生产一部,396,材料超耗,16,0.0,0.0,操作偏差,synthetic_scenario,Waste audit scenario calibrated to supplied product standard costs
WST-00150,2026-12-01,生产二部,815,材料超耗,2,26.9708,26.46,操作偏差,synthetic_scenario,Waste audit scenario calibrated to supplied product standard costs
WST-00151,2026-06-01,生产一部,956,材料超耗,4,1481.9379,3342.95,来料质量,synthetic_scenario,Waste audit scenario calibrated to supplied product standard costs
WST-00152,2026-11-01,生产一部,815,非计划领料,7,26.9708,176.15,来料质量,synthetic_scenario,Waste audit scenario calibrated to supplied product standard costs
WST-00153,2026-05-01,设备部,431,能源超耗,4,0.0,0.0,计划变更,synthetic_scenario,Waste audit scenario calibrated to supplied product standard costs
WST-00154,2026-11-01,设备部,777,材料超耗,17,1898.0944,33360.52,设备精度,synthetic_scenario,Waste audit scenario calibrated to supplied product standard costs
WST-00155,2026-11-01,生产一部,927,设备停机,7,136.785,740.17,操作偏差,synthetic_scenario,Waste audit scenario calibrated to supplied product standard costs
WST-00156,2026-08-01,生产二部,944,返工,5,144.5938,469.35,操作偏差,synthetic_scenario,Waste audit scenario calibrated to supplied product standard costs
WST-00157,2026-08-01,生产二部,799,能源超耗,17,713.0798,4618.81,工艺参数,synthetic_scenario,Waste audit scenario calibrated to supplied product standard costs
WST-00158,2026-09-01,质量部,373,材料超耗,3,0.0,0.0,来料质量,synthetic_scenario,Waste audit scenario calibrated to supplied product standard costs
WST-00159,2026-09-01,生产一部,989,材料超耗,12,294.5797,3422.13,设备精度,synthetic_scenario,Waste audit scenario calibrated to supplied product standard costs
WST-00160,2026-07-01,设备部,939,非计划领料,16,27.568,214.47,操作偏差,synthetic_scenario,Waste audit scenario calibrated to supplied product standard costs
WST-00161,2026-02-01,质量部,374,返工,10,0.0,0.0,计划变更,synthetic_scenario,Waste audit scenario calibrated to supplied product standard costs
WST-00162,2026-10-01,设备部,473,材料超耗,8,0.0,0.0,设备精度,synthetic_scenario,Waste audit scenario calibrated to supplied product standard costs
WST-00163,2026-05-01,生产一部,416,能源超耗,6,0.0,0.0,工艺参数,synthetic_scenario,Waste audit scenario calibrated to supplied product standard costs
WST-00164,2026-08-01,设备部,969,报废,6,1481.9379,6348.45,工艺参数,synthetic_scenario,Waste audit scenario calibrated to supplied product standard costs
WST-00165,2026-05-01,质量部,936,返工,4,27.568,62.64,工艺参数,synthetic_scenario,Waste audit scenario calibrated to supplied product standard costs
WST-00166,2026-05-01,质量部,461,材料超耗,15,0.0,0.0,操作偏差,synthetic_scenario,Waste audit scenario calibrated to supplied product standard costs
WST-00167,2026-10-01,设备部,330,设备停机,7,0.0,0.0,操作偏差,synthetic_scenario,Waste audit scenario calibrated to supplied product standard costs
WST-00168,2026-02-01,质量部,742,材料超耗,12,747.2002,7551.22,工艺参数,synthetic_scenario,Waste audit scenario calibrated to supplied product standard costs
WST-00169,2026-04-01,设备部,900,返工,6,199.8519,732.7,设备精度,synthetic_scenario,Waste audit scenario calibrated to supplied product standard costs
WST-00170,2026-06-01,设备部,719,设备停机,16,868.6342,6787.33,操作偏差,synthetic_scenario,Waste audit scenario calibrated to supplied product standard costs
WST-00171,2026-07-01,质量部,512,报废,14,0.0,0.0,计划变更,synthetic_scenario,Waste audit scenario calibrated to supplied product standard costs
WST-00172,2026-09-01,生产二部,891,返工,12,601.7437,4027.88,来料质量,synthetic_scenario,Waste audit scenario calibrated to supplied product standard costs
WST-00173,2026-05-01,生产一部,437,材料超耗,14,0.0,0.0,计划变更,synthetic_scenario,Waste audit scenario calibrated to supplied product standard costs
WST-00174,2026-10-01,生产二部,404,能源超耗,8,0.0,0.0,计划变更,synthetic_scenario,Waste audit scenario calibrated to supplied product standard costs
WST-00175,2026-02-01,生产二部,940,返工,15,35.9596,558.92,来料质量,synthetic_scenario,Waste audit scenario calibrated to supplied product standard costs
WST-00176,2026-11-01,生产二部,722,材料超耗,9,204.6251,776.27,计划变更,synthetic_scenario,Waste audit scenario calibrated to supplied product standard costs
WST-00177,2026-10-01,生产二部,319,返工,5,0.0,0.0,计划变更,synthetic_scenario,Waste audit scenario calibrated to supplied product standard costs
WST-00178,2026-03-01,生产一部,996,返工,4,53.9416,110.63,设备精度,synthetic_scenario,Waste audit scenario calibrated to supplied product standard costs
WST-00179,2026-03-01,设备部,849,报废,3,24.7459,49.7,设备精度,synthetic_scenario,Waste audit scenario calibrated to supplied product standard costs
WST-00180,2026-05-01,生产二部,453,返工,2,0.0,0.0,工艺参数,synthetic_scenario,Waste audit scenario calibrated to supplied product standard costs
WST-00181,2026-02-01,设备部,417,设备停机,3,0.0,0.0,来料质量,synthetic_scenario,Waste audit scenario calibrated to supplied product standard costs
WST-00182,2026-04-01,质量部,329,材料超耗,5,0.0,0.0,来料质量,synthetic_scenario,Waste audit scenario calibrated to supplied product standard costs
WST-00183,2026-09-01,设备部,709,返工,12,3.3963,19.52,设备精度,synthetic_scenario,Waste audit scenario calibrated to supplied product standard costs
WST-00184,2026-12-01,质量部,742,材料超耗,16,747.2002,5809.65,操作偏差,synthetic_scenario,Waste audit scenario calibrated to supplied product standard costs
WST-00185,2026-12-01,设备部,969,能源超耗,4,1481.9379,6562.76,工艺参数,synthetic_scenario,Waste audit scenario calibrated to supplied product standard costs
WST-00186,2026-08-01,生产一部,718,返工,15,868.6342,14139.71,设备精度,synthetic_scenario,Waste audit scenario calibrated to supplied product standard costs
WST-00187,2026-09-01,生产一部,952,非计划领料,6,8.9866,61.93,设备精度,synthetic_scenario,Waste audit scenario calibrated to supplied product standard costs
WST-00188,2026-10-01,设备部,393,材料超耗,6,0.0,0.0,设备精度,synthetic_scenario,Waste audit scenario calibrated to supplied product standard costs
WST-00189,2026-03-01,生产二部,979,报废,8,461.4448,4123.31,计划变更,synthetic_scenario,Waste audit scenario calibrated to supplied product standard costs
WST-00190,2026-05-01,质量部,943,返工,11,136.785,837.91,计划变更,synthetic_scenario,Waste audit scenario calibrated to supplied product standard costs
WST-00191,2026-01-01,生产一部,409,返工,3,0.0,0.0,操作偏差,synthetic_scenario,Waste audit scenario calibrated to supplied product standard costs
WST-00192,2026-11-01,生产一部,796,材料超耗,6,1554.9479,7440.54,来料质量,synthetic_scenario,Waste audit scenario calibrated to supplied product standard costs
WST-00193,2026-04-01,设备部,747,非计划领料,10,739.041,4991.66,设备精度,synthetic_scenario,Waste audit scenario calibrated to supplied product standard costs
WST-00194,2026-04-01,生产一部,720,报废,15,868.6342,10313.07,来料质量,synthetic_scenario,Waste audit scenario calibrated to supplied product standard costs
WST-00195,2026-11-01,质量部,3,能源超耗,10,0.0,0.0,工艺参数,synthetic_scenario,Waste audit scenario calibrated to supplied product standard costs
WST-00196,2026-10-01,设备部,990,能源超耗,16,294.5797,5056.59,来料质量,synthetic_scenario,Waste audit scenario calibrated to supplied product standard costs
WST-00197,2026-06-01,设备部,800,材料超耗,8,713.0798,2219.02,工艺参数,synthetic_scenario,Waste audit scenario calibrated to supplied product standard costs
WST-00198,2026-09-01,生产一部,983,设备停机,15,419.7784,6644.64,计划变更,synthetic_scenario,Waste audit scenario calibrated to supplied product standard costs
WST-00199,2026-10-01,生产一部,889,报废,15,601.7437,7304.52,计划变更,synthetic_scenario,Waste audit scenario calibrated to supplied product standard costs
WST-00200,2026-10-01,质量部,460,报废,9,0.0,0.0,设备精度,synthetic_scenario,Waste audit scenario calibrated to supplied product standard costs
WST-00201,2026-03-01,生产一部,756,材料超耗,7,884.7083,3286.86,操作偏差,synthetic_scenario,Waste audit scenario calibrated to supplied product standard costs
WST-00202,2026-12-01,质量部,473,材料超耗,14,0.0,0.0,设备精度,synthetic_scenario,Waste audit scenario calibrated to supplied product standard costs
WST-00203,2026-12-01,质量部,761,材料超耗,14,486.7066,7345.88,工艺参数,synthetic_scenario,Waste audit scenario calibrated to supplied product standard costs
WST-00204,2026-03-01,生产二部,756,材料超耗,2,884.7083,950.0,来料质量,synthetic_scenario,Waste audit scenario calibrated to supplied product standard costs
WST-00205,2026-11-01,质量部,360,材料超耗,2,0.0,0.0,操作偏差,synthetic_scenario,Waste audit scenario calibrated to supplied product standard costs
WST-00206,2026-09-01,质量部,459,能源超耗,1,0.0,0.0,来料质量,synthetic_scenario,Waste audit scenario calibrated to supplied product standard costs
WST-00207,2026-03-01,设备部,856,设备停机,5,37.1209,206.09,操作偏差,synthetic_scenario,Waste audit scenario calibrated to supplied product standard costs
WST-00208,2026-12-01,质量部,399,报废,6,0.0,0.0,工艺参数,synthetic_scenario,Waste audit scenario calibrated to supplied product standard costs
WST-00209,2026-06-01,生产一部,759,设备停机,9,486.7066,4699.11,操作偏差,synthetic_scenario,Waste audit scenario calibrated to supplied product standard costs
WST-00210,2026-07-01,生产二部,475,能源超耗,11,0.0,0.0,来料质量,synthetic_scenario,Waste audit scenario calibrated to supplied product standard costs
WST-00211,2026-04-01,生产二部,379,材料超耗,17,0.0,0.0,计划变更,synthetic_scenario,Waste audit scenario calibrated to supplied product standard costs
WST-00212,2026-05-01,生产一部,420,报废,9,0.0,0.0,工艺参数,synthetic_scenario,Waste audit scenario calibrated to supplied product standard costs
WST-00213,2026-11-01,生产二部,432,材料超耗,5,0.0,0.0,来料质量,synthetic_scenario,Waste audit scenario calibrated to supplied product standard costs
WST-00214,2026-10-01,生产二部,679,能源超耗,9,0.0,0.0,来料质量,synthetic_scenario,Waste audit scenario calibrated to supplied product standard costs
WST-00215,2026-01-01,生产一部,318,能源超耗,13,0.0,0.0,来料质量,synthetic_scenario,Waste audit scenario calibrated to supplied product standard costs
WST-00216,2026-04-01,质量部,462,报废,8,0.0,0.0,设备精度,synthetic_scenario,Waste audit scenario calibrated to supplied product standard costs
WST-00217,2026-10-01,生产一部,513,能源超耗,6,0.0,0.0,工艺参数,synthetic_scenario,Waste audit scenario calibrated to supplied product standard costs
WST-00218,2026-07-01,生产一部,721,报废,5,868.6342,2490.35,设备精度,synthetic_scenario,Waste audit scenario calibrated to supplied product standard costs
WST-00219,2026-04-01,设备部,486,返工,16,0.0,0.0,来料质量,synthetic_scenario,Waste audit scenario calibrated to supplied product standard costs
WST-00220,2026-01-01,设备部,431,非计划领料,15,0.0,0.0,设备精度,synthetic_scenario,Waste audit scenario calibrated to supplied product standard costs
WST-00221,2026-03-01,生产二部,962,能源超耗,9,461.4448,1812.75,来料质量,synthetic_scenario,Waste audit scenario calibrated to supplied product standard costs
WST-00222,2026-01-01,生产二部,756,能源超耗,10,884.7083,6652.41,设备精度,synthetic_scenario,Waste audit scenario calibrated to supplied product standard costs
WST-00223,2026-02-01,设备部,397,材料超耗,9,0.0,0.0,来料质量,synthetic_scenario,Waste audit scenario calibrated to supplied product standard costs
WST-00224,2026-11-01,质量部,935,返工,1,17.9776,7.16,计划变更,synthetic_scenario,Waste audit scenario calibrated to supplied product standard costs
WST-00225,2026-02-01,生产二部,950,返工,15,113.8816,1766.51,来料质量,synthetic_scenario,Waste audit scenario calibrated to supplied product standard costs
WST-00226,2026-12-01,设备部,1,材料超耗,10,0.0,0.0,设备精度,synthetic_scenario,Waste audit scenario calibrated to supplied product standard costs
WST-00227,2026-07-01,设备部,423,返工,11,0.0,0.0,工艺参数,synthetic_scenario,Waste audit scenario calibrated to supplied product standard costs
WST-00228,2026-05-01,生产一部,790,报废,9,1518.7864,13840.56,工艺参数,synthetic_scenario,Waste audit scenario calibrated to supplied product standard costs
WST-00229,2026-10-01,生产一部,534,报废,13,0.0,0.0,工艺参数,synthetic_scenario,Waste audit scenario calibrated to supplied product standard costs
WST-00230,2026-11-01,生产二部,836,能源超耗,8,360.9428,1162.57,工艺参数,synthetic_scenario,Waste audit scenario calibrated to supplied product standard costs
WST-00231,2026-01-01,设备部,724,返工,2,204.6251,211.89,操作偏差,synthetic_scenario,Waste audit scenario calibrated to supplied product standard costs
WST-00232,2026-01-01,生产二部,882,非计划领料,11,41.5723,419.55,计划变更,synthetic_scenario,Waste audit scenario calibrated to supplied product standard costs
WST-00233,2026-03-01,设备部,473,报废,14,0.0,0.0,设备精度,synthetic_scenario,Waste audit scenario calibrated to supplied product standard costs
WST-00234,2026-10-01,生产一部,821,非计划领料,16,96.7964,807.76,设备精度,synthetic_scenario,Waste audit scenario calibrated to supplied product standard costs
WST-00235,2026-09-01,生产一部,497,报废,7,0.0,0.0,设备精度,synthetic_scenario,Waste audit scenario calibrated to supplied product standard costs
WST-00236,2026-02-01,质量部,453,设备停机,13,0.0,0.0,设备精度,synthetic_scenario,Waste audit scenario calibrated to supplied product standard costs
WST-00237,2026-09-01,生产二部,397,能源超耗,5,0.0,0.0,来料质量,synthetic_scenario,Waste audit scenario calibrated to supplied product standard costs
WST-00238,2026-10-01,设备部,763,材料超耗,4,486.7066,1518.61,来料质量,synthetic_scenario,Waste audit scenario calibrated to supplied product standard costs
WST-00239,2026-01-01,生产一部,893,报废,5,601.7437,3025.17,操作偏差,synthetic_scenario,Waste audit scenario calibrated to supplied product standard costs
WST-00240,2026-06-01,设备部,460,材料超耗,14,0.0,0.0,设备精度,synthetic_scenario,Waste audit scenario calibrated to supplied product standard costs
WST-00241,2026-08-01,质量部,882,报废,11,41.5723,261.33,工艺参数,synthetic_scenario,Waste audit scenario calibrated to supplied product standard costs
WST-00242,2026-08-01,生产一部,961,能源超耗,9,461.4448,1506.33,设备精度,synthetic_scenario,Waste audit scenario calibrated to supplied product standard costs
WST-00243,2026-02-01,设备部,438,设备停机,7,0.0,0.0,来料质量,synthetic_scenario,Waste audit scenario calibrated to supplied product standard costs
WST-00244,2026-07-01,质量部,754,材料超耗,16,884.7083,12828.85,工艺参数,synthetic_scenario,Waste audit scenario calibrated to supplied product standard costs
WST-00245,2026-02-01,生产一部,982,材料超耗,17,419.7784,3576.72,操作偏差,synthetic_scenario,Waste audit scenario calibrated to supplied product standard costs
WST-00246,2026-08-01,设备部,510,非计划领料,12,0.0,0.0,来料质量,synthetic_scenario,Waste audit scenario calibrated to supplied product standard costs
WST-00247,2026-07-01,生产一部,912,报废,7,17.3782,100.13,设备精度,synthetic_scenario,Waste audit scenario calibrated to supplied product standard costs
WST-00248,2026-08-01,设备部,995,材料超耗,2,44.9506,39.05,工艺参数,synthetic_scenario,Waste audit scenario calibrated to supplied product standard costs
WST-00249,2026-06-01,设备部,528,返工,8,0.0,0.0,工艺参数,synthetic_scenario,Waste audit scenario calibrated to supplied product standard costs
WST-00250,2026-10-01,质量部,350,返工,8,0.0,0.0,计划变更,synthetic_scenario,Waste audit scenario calibrated to supplied product standard costs
WST-00251,2026-09-01,生产一部,520,返工,10,98.77,424.65,来料质量,synthetic_scenario,Waste audit scenario calibrated to supplied product standard costs
WST-00252,2026-01-01,设备部,363,材料超耗,6,0.0,0.0,来料质量,synthetic_scenario,Waste audit scenario calibrated to supplied product standard costs
WST-00253,2026-10-01,质量部,493,能源超耗,13,0.0,0.0,设备精度,synthetic_scenario,Waste audit scenario calibrated to supplied product standard costs
WST-00254,2026-05-01,设备部,511,设备停机,13,0.0,0.0,设备精度,synthetic_scenario,Waste audit scenario calibrated to supplied product standard costs
WST-00255,2026-11-01,设备部,965,返工,5,461.4448,1268.41,操作偏差,synthetic_scenario,Waste audit scenario calibrated to supplied product standard costs
WST-00256,2026-08-01,设备部,784,返工,3,1251.9813,4010.12,计划变更,synthetic_scenario,Waste audit scenario calibrated to supplied product standard costs
WST-00257,2026-06-01,生产二部,917,返工,4,144.5938,309.49,操作偏差,synthetic_scenario,Waste audit scenario calibrated to supplied product standard costs
WST-00258,2026-06-01,设备部,814,非计划领料,16,185.8193,1630.8,设备精度,synthetic_scenario,Waste audit scenario calibrated to supplied product standard costs
WST-00259,2026-01-01,质量部,748,材料超耗,13,747.2002,7282.18,计划变更,synthetic_scenario,Waste audit scenario calibrated to supplied product standard costs
WST-00260,2026-11-01,质量部,488,材料超耗,6,0.0,0.0,操作偏差,synthetic_scenario,Waste audit scenario calibrated to supplied product standard costs
WST-00261,2026-02-01,生产一部,938,非计划领料,8,17.9776,96.22,计划变更,synthetic_scenario,Waste audit scenario calibrated to supplied product standard costs
WST-00262,2026-09-01,质量部,342,材料超耗,6,0.0,0.0,操作偏差,synthetic_scenario,Waste audit scenario calibrated to supplied product standard costs
WST-00263,2026-07-01,生产二部,478,报废,12,0.0,0.0,设备精度,synthetic_scenario,Waste audit scenario calibrated to supplied product standard costs
WST-00264,2026-02-01,生产二部,466,报废,7,0.0,0.0,设备精度,synthetic_scenario,Waste audit scenario calibrated to supplied product standard costs
WST-00265,2026-09-01,设备部,879,非计划领料,15,59.466,650.14,设备精度,synthetic_scenario,Waste audit scenario calibrated to supplied product standard costs
WST-00266,2026-09-01,生产一部,934,材料超耗,8,10.8423,45.59,来料质量,synthetic_scenario,Waste audit scenario calibrated to supplied product standard costs
WST-00267,2026-11-01,设备部,375,返工,6,0.0,0.0,计划变更,synthetic_scenario,Waste audit scenario calibrated to supplied product standard costs
WST-00268,2026-04-01,质量部,888,设备停机,17,601.7437,7685.61,工艺参数,synthetic_scenario,Waste audit scenario calibrated to supplied product standard costs
WST-00269,2026-04-01,生产一部,733,材料超耗,2,352.1394,637.11,来料质量,synthetic_scenario,Waste audit scenario calibrated to supplied product standard costs
WST-00270,2026-06-01,质量部,381,设备停机,8,0.0,0.0,计划变更,synthetic_scenario,Waste audit scenario calibrated to supplied product standard costs
WST-00271,2026-09-01,设备部,959,返工,15,461.4448,7522.69,操作偏差,synthetic_scenario,Waste audit scenario calibrated to supplied product standard costs
WST-00272,2026-04-01,生产二部,815,设备停机,8,26.9708,212.02,计划变更,synthetic_scenario,Waste audit scenario calibrated to supplied product standard costs
WST-00273,2026-10-01,质量部,469,能源超耗,10,0.0,0.0,操作偏差,synthetic_scenario,Waste audit scenario calibrated to supplied product standard costs
WST-00274,2026-08-01,生产二部,377,报废,6,0.0,0.0,工艺参数,synthetic_scenario,Waste audit scenario calibrated to supplied product standard costs
WST-00275,2026-08-01,生产二部,712,材料超耗,2,6.9223,9.38,操作偏差,synthetic_scenario,Waste audit scenario calibrated to supplied product standard costs
WST-00276,2026-08-01,生产一部,757,材料超耗,1,884.7083,594.31,计划变更,synthetic_scenario,Waste audit scenario calibrated to supplied product standard costs
WST-00277,2026-06-01,生产一部,708,非计划领料,2,13.0863,26.14,设备精度,synthetic_scenario,Waste audit scenario calibrated to supplied product standard costs
WST-00278,2026-11-01,生产二部,317,返工,9,0.0,0.0,来料质量,synthetic_scenario,Waste audit scenario calibrated to supplied product standard costs
WST-00279,2026-02-01,设备部,990,返工,5,294.5797,1083.6,操作偏差,synthetic_scenario,Waste audit scenario calibrated to supplied product standard costs
WST-00280,2026-11-01,生产二部,955,材料超耗,13,1481.9379,14299.87,设备精度,synthetic_scenario,Waste audit scenario calibrated to supplied product standard costs
WST-00281,2026-04-01,设备部,715,返工,17,38.4923,303.31,计划变更,synthetic_scenario,Waste audit scenario calibrated to supplied product standard costs
WST-00282,2026-01-01,生产一部,816,材料超耗,11,92.8071,883.82,工艺参数,synthetic_scenario,Waste audit scenario calibrated to supplied product standard costs
WST-00283,2026-01-01,生产一部,362,返工,6,0.0,0.0,来料质量,synthetic_scenario,Waste audit scenario calibrated to supplied product standard costs
WST-00284,2026-04-01,生产二部,894,非计划领料,12,53.9282,552.22,设备精度,synthetic_scenario,Waste audit scenario calibrated to supplied product standard costs
WST-00285,2026-02-01,生产二部,516,非计划领料,9,145.87,886.35,设备精度,synthetic_scenario,Waste audit scenario calibrated to supplied product standard costs
WST-00286,2026-03-01,生产二部,719,材料超耗,11,868.6342,4991.65,操作偏差,synthetic_scenario,Waste audit scenario calibrated to supplied product standard costs
WST-00287,2026-08-01,设备部,532,材料超耗,11,0.0,0.0,操作偏差,synthetic_scenario,Waste audit scenario calibrated to supplied product standard costs
WST-00288,2026-02-01,设备部,827,报废,16,122.2709,1766.6,操作偏差,synthetic_scenario,Waste audit scenario calibrated to supplied product standard costs
WST-00289,2026-08-01,质量部,754,报废,6,884.7083,4920.82,来料质量,synthetic_scenario,Waste audit scenario calibrated to supplied product standard costs
WST-00290,2026-03-01,设备部,706,返工,6,1059.31,6586.62,来料质量,synthetic_scenario,Waste audit scenario calibrated to supplied product standard costs
WST-00291,2026-06-01,生产二部,461,返工,11,0.0,0.0,计划变更,synthetic_scenario,Waste audit scenario calibrated to supplied product standard costs
WST-00292,2026-11-01,生产二部,966,材料超耗,4,1481.9379,3000.51,设备精度,synthetic_scenario,Waste audit scenario calibrated to supplied product standard costs
WST-00293,2026-03-01,生产二部,365,材料超耗,5,0.0,0.0,来料质量,synthetic_scenario,Waste audit scenario calibrated to supplied product standard costs
WST-00294,2026-06-01,设备部,988,返工,4,308.2179,1386.03,来料质量,synthetic_scenario,Waste audit scenario calibrated to supplied product standard costs
WST-00295,2026-07-01,生产二部,845,返工,14,10.3084,127.5,来料质量,synthetic_scenario,Waste audit scenario calibrated to supplied product standard costs
WST-00296,2026-08-01,生产一部,970,返工,2,755.1508,1625.73,设备精度,synthetic_scenario,Waste audit scenario calibrated to supplied product standard costs
WST-00297,2026-11-01,设备部,857,报废,8,37.1209,288.6,计划变更,synthetic_scenario,Waste audit scenario calibrated to supplied product standard costs
WST-00298,2026-01-01,设备部,528,报废,3,0.0,0.0,设备精度,synthetic_scenario,Waste audit scenario calibrated to supplied product standard costs
WST-00299,2026-03-01,设备部,889,设备停机,15,601.7437,10328.08,设备精度,synthetic_scenario,Waste audit scenario calibrated to supplied product standard costs
WST-00300,2026-08-01,质量部,347,能源超耗,1,0.0,0.0,计划变更,synthetic_scenario,Waste audit scenario calibrated to supplied product standard costs
WST-00301,2026-04-01,质量部,475,材料超耗,3,0.0,0.0,计划变更,synthetic_scenario,Waste audit scenario calibrated to supplied product standard costs
WST-00302,2026-11-01,质量部,909,材料超耗,9,17.3782,132.97,工艺参数,synthetic_scenario,Waste audit scenario calibrated to supplied product standard costs
WST-00303,2026-05-01,生产一部,421,返工,7,0.0,0.0,设备精度,synthetic_scenario,Waste audit scenario calibrated to supplied product standard costs
WST-00304,2026-10-01,生产一部,422,能源超耗,3,0.0,0.0,设备精度,synthetic_scenario,Waste audit scenario calibrated to supplied product standard costs
WST-00305,2026-11-01,设备部,961,能源超耗,10,461.4448,3877.25,工艺参数,synthetic_scenario,Waste audit scenario calibrated to supplied product standard costs
WST-00306,2026-10-01,生产一部,790,材料超耗,9,1518.7864,4790.43,工艺参数,synthetic_scenario,Waste audit scenario calibrated to supplied product standard costs
WST-00307,2026-02-01,设备部,399,返工,5,0.0,0.0,工艺参数,synthetic_scenario,Waste audit scenario calibrated to supplied product standard costs
WST-00308,2026-03-01,生产一部,344,能源超耗,4,0.0,0.0,操作偏差,synthetic_scenario,Waste audit scenario calibrated to supplied product standard costs
WST-00309,2026-03-01,生产一部,437,返工,16,0.0,0.0,工艺参数,synthetic_scenario,Waste audit scenario calibrated to supplied product standard costs
WST-00310,2026-04-01,设备部,708,报废,14,13.0863,152.17,设备精度,synthetic_scenario,Waste audit scenario calibrated to supplied product standard costs
WST-00311,2026-06-01,设备部,966,报废,4,1481.9379,3158.69,计划变更,synthetic_scenario,Waste audit scenario calibrated to supplied product standard costs
WST-00312,2026-03-01,质量部,430,报废,8,0.0,0.0,来料质量,synthetic_scenario,Waste audit scenario calibrated to supplied product standard costs
WST-00313,2026-07-01,生产一部,528,返工,1,0.0,0.0,设备精度,synthetic_scenario,Waste audit scenario calibrated to supplied product standard costs
WST-00314,2026-06-01,生产一部,897,报废,17,199.8519,2725.75,设备精度,synthetic_scenario,Waste audit scenario calibrated to supplied product standard costs
WST-00315,2026-04-01,质量部,901,材料超耗,7,199.8519,1549.85,来料质量,synthetic_scenario,Waste audit scenario calibrated to supplied product standard costs
WST-00316,2026-06-01,质量部,824,报废,17,104.7951,1452.34,计划变更,synthetic_scenario,Waste audit scenario calibrated to supplied product standard costs
WST-00317,2026-06-01,生产一部,874,非计划领料,8,3.3623,11.08,计划变更,synthetic_scenario,Waste audit scenario calibrated to supplied product standard costs
WST-00318,2026-11-01,质量部,357,材料超耗,6,0.0,0.0,来料质量,synthetic_scenario,Waste audit scenario calibrated to supplied product standard costs
WST-00319,2026-01-01,设备部,895,设备停机,4,199.8519,546.76,设备精度,synthetic_scenario,Waste audit scenario calibrated to supplied product standard costs
WST-00320,2026-04-01,质量部,482,能源超耗,16,0.0,0.0,计划变更,synthetic_scenario,Waste audit scenario calibrated to supplied product standard costs
WST-00321,2026-05-01,设备部,350,报废,14,0.0,0.0,设备精度,synthetic_scenario,Waste audit scenario calibrated to supplied product standard costs
WST-00322,2026-01-01,设备部,808,能源超耗,10,19.7758,212.37,计划变更,synthetic_scenario,Waste audit scenario calibrated to supplied product standard costs
WST-00323,2026-07-01,生产一部,743,材料超耗,2,739.041,616.82,操作偏差,synthetic_scenario,Waste audit scenario calibrated to supplied product standard costs
WST-00324,2026-02-01,质量部,435,设备停机,16,0.0,0.0,工艺参数,synthetic_scenario,Waste audit scenario calibrated to supplied product standard costs
WST-00325,2026-01-01,设备部,521,返工,5,108.99,228.45,工艺参数,synthetic_scenario,Waste audit scenario calibrated to supplied product standard costs
WST-00326,2026-10-01,质量部,713,非计划领料,14,38.4923,192.56,操作偏差,synthetic_scenario,Waste audit scenario calibrated to supplied product standard costs
WST-00327,2026-08-01,生产二部,4,返工,6,0.0,0.0,工艺参数,synthetic_scenario,Waste audit scenario calibrated to supplied product standard costs
WST-00328,2026-10-01,生产一部,877,返工,12,2.9733,35.71,计划变更,synthetic_scenario,Waste audit scenario calibrated to supplied product standard costs
WST-00329,2026-03-01,生产一部,413,能源超耗,11,0.0,0.0,计划变更,synthetic_scenario,Waste audit scenario calibrated to supplied product standard costs
WST-00330,2026-02-01,生产二部,767,材料超耗,10,486.7066,2651.51,工艺参数,synthetic_scenario,Waste audit scenario calibrated to supplied product standard costs
WST-00331,2026-10-01,生产一部,363,设备停机,13,0.0,0.0,操作偏差,synthetic_scenario,Waste audit scenario calibrated to supplied product standard costs
WST-00332,2026-07-01,设备部,874,材料超耗,13,3.3623,18.87,操作偏差,synthetic_scenario,Waste audit scenario calibrated to supplied product standard costs
WST-00333,2026-11-01,生产一部,838,材料超耗,11,868.6342,6845.36,来料质量,synthetic_scenario,Waste audit scenario calibrated to supplied product standard costs
WST-00334,2026-02-01,生产一部,786,材料超耗,3,598.4354,1246.29,来料质量,synthetic_scenario,Waste audit scenario calibrated to supplied product standard costs
WST-00335,2026-01-01,生产二部,481,返工,1,0.0,0.0,工艺参数,synthetic_scenario,Waste audit scenario calibrated to supplied product standard costs
WST-00336,2026-05-01,质量部,989,设备停机,2,294.5797,294.62,操作偏差,synthetic_scenario,Waste audit scenario calibrated to supplied product standard costs
WST-00337,2026-08-01,生产二部,752,材料超耗,4,2171.2942,8314.66,计划变更,synthetic_scenario,Waste audit scenario calibrated to supplied product standard costs
WST-00338,2026-06-01,生产二部,804,返工,14,101.8936,867.06,操作偏差,synthetic_scenario,Waste audit scenario calibrated to supplied product standard costs
WST-00339,2026-01-01,设备部,726,能源超耗,17,187.1571,2874.65,工艺参数,synthetic_scenario,Waste audit scenario calibrated to supplied product standard costs
WST-00340,2026-07-01,生产一部,875,设备停机,6,3.3623,11.65,工艺参数,synthetic_scenario,Waste audit scenario calibrated to supplied product standard costs
WST-00341,2026-01-01,设备部,472,报废,3,0.0,0.0,计划变更,synthetic_scenario,Waste audit scenario calibrated to supplied product standard costs
WST-00342,2026-12-01,设备部,395,非计划领料,3,0.0,0.0,计划变更,synthetic_scenario,Waste audit scenario calibrated to supplied product standard costs
WST-00343,2026-01-01,设备部,716,返工,13,38.4923,496.95,操作偏差,synthetic_scenario,Waste audit scenario calibrated to supplied product standard costs
WST-00344,2026-07-01,质量部,510,报废,17,0.0,0.0,来料质量,synthetic_scenario,Waste audit scenario calibrated to supplied product standard costs
WST-00345,2026-10-01,设备部,773,设备停机,11,1912.1544,8129.94,计划变更,synthetic_scenario,Waste audit scenario calibrated to supplied product standard costs
WST-00346,2026-01-01,设备部,533,能源超耗,1,0.0,0.0,设备精度,synthetic_scenario,Waste audit scenario calibrated to supplied product standard costs
WST-00347,2026-03-01,生产一部,531,能源超耗,16,0.0,0.0,操作偏差,synthetic_scenario,Waste audit scenario calibrated to supplied product standard costs
WST-00348,2026-08-01,设备部,763,设备停机,2,486.7066,956.84,工艺参数,synthetic_scenario,Waste audit scenario calibrated to supplied product standard costs
WST-00349,2026-12-01,生产一部,367,非计划领料,7,0.0,0.0,设备精度,synthetic_scenario,Waste audit scenario calibrated to supplied product standard costs
WST-00350,2026-08-01,生产二部,510,能源超耗,2,0.0,0.0,计划变更,synthetic_scenario,Waste audit scenario calibrated to supplied product standard costs
WST-00351,2026-11-01,设备部,914,设备停机,11,12.0413,88.31,工艺参数,synthetic_scenario,Waste audit scenario calibrated to supplied product standard costs
WST-00352,2026-10-01,设备部,397,返工,15,0.0,0.0,操作偏差,synthetic_scenario,Waste audit scenario calibrated to supplied product standard costs
WST-00353,2026-08-01,生产一部,457,能源超耗,8,0.0,0.0,设备精度,synthetic_scenario,Waste audit scenario calibrated to supplied product standard costs
WST-00354,2026-04-01,设备部,960,能源超耗,15,461.4448,4337.64,操作偏差,synthetic_scenario,Waste audit scenario calibrated to supplied product standard costs
WST-00355,2026-01-01,质量部,998,设备停机,2,343.6496,779.21,来料质量,synthetic_scenario,Waste audit scenario calibrated to supplied product standard costs
WST-00356,2026-09-01,生产一部,773,返工,12,1912.1544,18810.53,设备精度,synthetic_scenario,Waste audit scenario calibrated to supplied product standard costs
WST-00357,2026-06-01,生产二部,399,非计划领料,2,0.0,0.0,设备精度,synthetic_scenario,Waste audit scenario calibrated to supplied product standard costs
WST-00358,2026-03-01,质量部,887,材料超耗,6,601.7437,3708.98,操作偏差,synthetic_scenario,Waste audit scenario calibrated to supplied product standard costs
WST-00359,2026-08-01,生产二部,831,设备停机,6,185.8193,930.97,工艺参数,synthetic_scenario,Waste audit scenario calibrated to supplied product standard costs
WST-00360,2026-08-01,生产一部,870,材料超耗,13,1.8663,15.22,设备精度,synthetic_scenario,Waste audit scenario calibrated to supplied product standard costs
WST-00361,2026-01-01,质量部,761,能源超耗,9,486.7066,3553.88,工艺参数,synthetic_scenario,Waste audit scenario calibrated to supplied product standard costs
WST-00362,2026-12-01,生产一部,852,报废,7,30.9334,208.1,设备精度,synthetic_scenario,Waste audit scenario calibrated to supplied product standard costs
WST-00363,2026-06-01,质量部,847,材料超耗,2,14.4334,14.8,设备精度,synthetic_scenario,Waste audit scenario calibrated to supplied product standard costs
WST-00364,2026-01-01,生产二部,528,材料超耗,14,0.0,0.0,计划变更,synthetic_scenario,Waste audit scenario calibrated to supplied product standard costs
WST-00365,2026-02-01,生产二部,368,返工,16,0.0,0.0,设备精度,synthetic_scenario,Waste audit scenario calibrated to supplied product standard costs
WST-00366,2026-07-01,生产一部,510,材料超耗,7,0.0,0.0,设备精度,synthetic_scenario,Waste audit scenario calibrated to supplied product standard costs
WST-00367,2026-02-01,生产二部,893,返工,6,601.7437,2130.81,设备精度,synthetic_scenario,Waste audit scenario calibrated to supplied product standard costs
WST-00368,2026-08-01,生产二部,984,报废,11,308.2179,2913.47,来料质量,synthetic_scenario,Waste audit scenario calibrated to supplied product standard costs
WST-00369,2026-06-01,质量部,939,报废,13,27.568,360.67,操作偏差,synthetic_scenario,Waste audit scenario calibrated to supplied product standard costs
WST-00370,2026-07-01,生产二部,860,能源超耗,16,9.1593,59.64,工艺参数,synthetic_scenario,Waste audit scenario calibrated to supplied product standard costs
WST-00371,2026-05-01,质量部,829,材料超耗,10,108.7844,1036.67,计划变更,synthetic_scenario,Waste audit scenario calibrated to supplied product standard costs
WST-00372,2026-12-01,生产二部,760,材料超耗,2,486.7066,504.71,设备精度,synthetic_scenario,Waste audit scenario calibrated to supplied product standard costs
WST-00373,2026-06-01,生产一部,949,报废,3,77.9176,181.39,操作偏差,synthetic_scenario,Waste audit scenario calibrated to supplied product standard costs
WST-00374,2026-08-01,设备部,750,能源超耗,14,2171.2942,34232.84,工艺参数,synthetic_scenario,Waste audit scenario calibrated to supplied product standard costs
WST-00375,2026-07-01,设备部,487,能源超耗,6,0.0,0.0,工艺参数,synthetic_scenario,Waste audit scenario calibrated to supplied product standard costs
WST-00376,2026-04-01,生产一部,764,材料超耗,5,486.7066,1822.52,计划变更,synthetic_scenario,Waste audit scenario calibrated to supplied product standard costs
WST-00377,2026-04-01,生产二部,825,报废,4,145.2835,205.97,工艺参数,synthetic_scenario,Waste audit scenario calibrated to supplied product standard costs
WST-00378,2026-09-01,设备部,371,材料超耗,7,0.0,0.0,计划变更,synthetic_scenario,Waste audit scenario calibrated to supplied product standard costs
WST-00379,2026-09-01,生产一部,442,报废,8,0.0,0.0,计划变更,synthetic_scenario,Waste audit scenario calibrated to supplied product standard costs
WST-00380,2026-09-01,设备部,409,材料超耗,16,0.0,0.0,来料质量,synthetic_scenario,Waste audit scenario calibrated to supplied product standard costs
WST-00381,2026-02-01,生产二部,433,设备停机,10,0.0,0.0,操作偏差,synthetic_scenario,Waste audit scenario calibrated to supplied product standard costs
WST-00382,2026-06-01,生产一部,827,报废,15,122.2709,1447.99,来料质量,synthetic_scenario,Waste audit scenario calibrated to supplied product standard costs
WST-00383,2026-03-01,质量部,962,材料超耗,16,461.4448,7456.62,计划变更,synthetic_scenario,Waste audit scenario calibrated to supplied product standard costs
WST-00384,2026-03-01,生产一部,462,报废,15,0.0,0.0,设备精度,synthetic_scenario,Waste audit scenario calibrated to supplied product standard costs
WST-00385,2026-06-01,设备部,520,返工,11,98.77,1118.29,工艺参数,synthetic_scenario,Waste audit scenario calibrated to supplied product standard costs
WST-00386,2026-02-01,生产一部,361,报废,5,0.0,0.0,来料质量,synthetic_scenario,Waste audit scenario calibrated to supplied product standard costs
WST-00387,2026-04-01,设备部,2,设备停机,5,0.0,0.0,设备精度,synthetic_scenario,Waste audit scenario calibrated to supplied product standard costs
WST-00388,2026-09-01,设备部,443,非计划领料,1,0.0,0.0,设备精度,synthetic_scenario,Waste audit scenario calibrated to supplied product standard costs
WST-00389,2026-01-01,生产二部,884,返工,13,41.5723,367.01,设备精度,synthetic_scenario,Waste audit scenario calibrated to supplied product standard costs
WST-00390,2026-11-01,质量部,363,材料超耗,17,0.0,0.0,来料质量,synthetic_scenario,Waste audit scenario calibrated to supplied product standard costs
WST-00391,2026-05-01,质量部,827,报废,17,122.2709,1196.73,工艺参数,synthetic_scenario,Waste audit scenario calibrated to supplied product standard costs
WST-00392,2026-10-01,生产二部,737,材料超耗,8,204.6251,772.62,计划变更,synthetic_scenario,Waste audit scenario calibrated to supplied product standard costs
WST-00393,2026-10-01,生产一部,737,报废,13,204.6251,1602.8,来料质量,synthetic_scenario,Waste audit scenario calibrated to supplied product standard costs
WST-00394,2026-02-01,生产一部,763,材料超耗,5,486.7066,1920.27,操作偏差,synthetic_scenario,Waste audit scenario calibrated to supplied product standard costs
WST-00395,2026-11-01,设备部,983,能源超耗,15,419.7784,3806.09,设备精度,synthetic_scenario,Waste audit scenario calibrated to supplied product standard costs
WST-00396,2026-05-01,质量部,446,返工,15,0.0,0.0,来料质量,synthetic_scenario,Waste audit scenario calibrated to supplied product standard costs
WST-00397,2026-04-01,设备部,716,返工,10,38.4923,363.53,工艺参数,synthetic_scenario,Waste audit scenario calibrated to supplied product standard costs
WST-00398,2026-10-01,设备部,952,能源超耗,17,8.9866,64.24,工艺参数,synthetic_scenario,Waste audit scenario calibrated to supplied product standard costs
WST-00399,2026-01-01,质量部,706,材料超耗,15,1059.31,16020.95,工艺参数,synthetic_scenario,Waste audit scenario calibrated to supplied product standard costs
WST-00400,2026-02-01,设备部,462,能源超耗,14,0.0,0.0,计划变更,synthetic_scenario,Waste audit scenario calibrated to supplied product standard costs
WST-00401,2026-07-01,生产二部,885,材料超耗,10,601.7437,5079.35,计划变更,synthetic_scenario,Waste audit scenario calibrated to supplied product standard costs
WST-00402,2026-02-01,生产一部,785,能源超耗,17,598.4354,8600.94,来料质量,synthetic_scenario,Waste audit scenario calibrated to supplied product standard costs
WST-00403,2026-04-01,生产二部,995,材料超耗,15,44.9506,756.47,来料质量,synthetic_scenario,Waste audit scenario calibrated to supplied product standard costs
WST-00404,2026-11-01,生产二部,868,非计划领料,5,26.1763,87.87,来料质量,synthetic_scenario,Waste audit scenario calibrated to supplied product standard costs
WST-00405,2026-02-01,设备部,822,材料超耗,1,360.9428,375.02,设备精度,synthetic_scenario,Waste audit scenario calibrated to supplied product standard costs
WST-00406,2026-02-01,设备部,760,材料超耗,16,486.7066,6313.71,计划变更,synthetic_scenario,Waste audit scenario calibrated to supplied product standard costs
WST-00407,2026-06-01,生产二部,496,材料超耗,3,0.0,0.0,操作偏差,synthetic_scenario,Waste audit scenario calibrated to supplied product standard costs
WST-00408,2026-08-01,生产二部,510,返工,9,0.0,0.0,操作偏差,synthetic_scenario,Waste audit scenario calibrated to supplied product standard costs
WST-00409,2026-04-01,生产二部,869,非计划领料,12,26.1763,245.6,计划变更,synthetic_scenario,Waste audit scenario calibrated to supplied product standard costs
WST-00410,2026-12-01,生产一部,991,能源超耗,8,294.5797,1443.32,操作偏差,synthetic_scenario,Waste audit scenario calibrated to supplied product standard costs
WST-00411,2026-01-01,质量部,431,能源超耗,8,0.0,0.0,计划变更,synthetic_scenario,Waste audit scenario calibrated to supplied product standard costs
WST-00412,2026-08-01,质量部,373,报废,16,0.0,0.0,来料质量,synthetic_scenario,Waste audit scenario calibrated to supplied product standard costs
WST-00413,2026-12-01,质量部,366,材料超耗,4,0.0,0.0,操作偏差,synthetic_scenario,Waste audit scenario calibrated to supplied product standard costs
WST-00414,2026-11-01,生产一部,993,返工,13,294.5797,3615.59,设备精度,synthetic_scenario,Waste audit scenario calibrated to supplied product standard costs
WST-00415,2026-05-01,质量部,922,能源超耗,9,1.4923,13.58,操作偏差,synthetic_scenario,Waste audit scenario calibrated to supplied product standard costs
WST-00416,2026-06-01,生产二部,358,报废,14,0.0,0.0,操作偏差,synthetic_scenario,Waste audit scenario calibrated to supplied product standard costs
WST-00417,2026-09-01,生产一部,789,非计划领料,11,1518.7864,18814.64,工艺参数,synthetic_scenario,Waste audit scenario calibrated to supplied product standard costs
WST-00418,2026-06-01,质量部,936,设备停机,10,27.568,169.98,操作偏差,synthetic_scenario,Waste audit scenario calibrated to supplied product standard costs
WST-00419,2026-09-01,质量部,343,返工,16,0.0,0.0,操作偏差,synthetic_scenario,Waste audit scenario calibrated to supplied product standard costs
WST-00420,2026-10-01,生产二部,749,报废,9,2171.2942,17821.88,设备精度,synthetic_scenario,Waste audit scenario calibrated to supplied product standard costs
WST-00421,2026-07-01,生产二部,811,报废,8,19.7758,79.05,操作偏差,synthetic_scenario,Waste audit scenario calibrated to supplied product standard costs
WST-00422,2026-12-01,设备部,428,返工,10,0.0,0.0,操作偏差,synthetic_scenario,Waste audit scenario calibrated to supplied product standard costs
WST-00423,2026-05-01,生产二部,797,材料超耗,3,713.0798,1082.49,来料质量,synthetic_scenario,Waste audit scenario calibrated to supplied product standard costs
WST-00424,2026-07-01,质量部,940,材料超耗,2,35.9596,50.84,计划变更,synthetic_scenario,Waste audit scenario calibrated to supplied product standard costs
WST-00425,2026-06-01,质量部,991,材料超耗,1,294.5797,194.96,操作偏差,synthetic_scenario,Waste audit scenario calibrated to supplied product standard costs
WST-00426,2026-12-01,质量部,383,设备停机,3,0.0,0.0,工艺参数,synthetic_scenario,Waste audit scenario calibrated to supplied product standard costs
WST-00427,2026-11-01,质量部,494,报废,14,0.0,0.0,操作偏差,synthetic_scenario,Waste audit scenario calibrated to supplied product standard costs
WST-00428,2026-10-01,生产二部,720,返工,16,868.6342,15686.62,来料质量,synthetic_scenario,Waste audit scenario calibrated to supplied product standard costs
WST-00429,2026-10-01,生产二部,983,设备停机,14,419.7784,3845.49,工艺参数,synthetic_scenario,Waste audit scenario calibrated to supplied product standard costs
WST-00430,2026-11-01,生产一部,781,能源超耗,1,1265.6195,1298.7,工艺参数,synthetic_scenario,Waste audit scenario calibrated to supplied product standard costs
WST-00431,2026-07-01,质量部,316,非计划领料,2,0.0,0.0,计划变更,synthetic_scenario,Waste audit scenario calibrated to supplied product standard costs
WST-00432,2026-10-01,生产一部,821,报废,3,96.7964,218.64,设备精度,synthetic_scenario,Waste audit scenario calibrated to supplied product standard costs
WST-00433,2026-01-01,生产二部,3,能源超耗,7,0.0,0.0,来料质量,synthetic_scenario,Waste audit scenario calibrated to supplied product standard costs
WST-00434,2026-12-01,生产一部,449,报废,1,0.0,0.0,操作偏差,synthetic_scenario,Waste audit scenario calibrated to supplied product standard costs
WST-00435,2026-11-01,生产一部,478,报废,15,0.0,0.0,来料质量,synthetic_scenario,Waste audit scenario calibrated to supplied product standard costs
WST-00436,2026-01-01,生产一部,526,材料超耗,8,0.0,0.0,操作偏差,synthetic_scenario,Waste audit scenario calibrated to supplied product standard costs
WST-00437,2026-09-01,生产二部,923,设备停机,14,1.8663,16.41,操作偏差,synthetic_scenario,Waste audit scenario calibrated to supplied product standard costs
WST-00438,2026-06-01,质量部,383,报废,6,0.0,0.0,设备精度,synthetic_scenario,Waste audit scenario calibrated to supplied product standard costs
WST-00439,2026-05-01,设备部,957,报废,16,1481.9379,23632.21,操作偏差,synthetic_scenario,Waste audit scenario calibrated to supplied product standard costs
WST-00440,2026-12-01,设备部,425,报废,4,0.0,0.0,工艺参数,synthetic_scenario,Waste audit scenario calibrated to supplied product standard costs
WST-00441,2026-11-01,质量部,726,报废,12,187.1571,1685.88,设备精度,synthetic_scenario,Waste audit scenario calibrated to supplied product standard costs
WST-00442,2026-08-01,质量部,851,报废,5,24.7459,79.44,计划变更,synthetic_scenario,Waste audit scenario calibrated to supplied product standard costs
WST-00443,2026-05-01,生产一部,712,设备停机,1,6.9223,4.99,来料质量,synthetic_scenario,Waste audit scenario calibrated to supplied product standard costs
WST-00444,2026-02-01,生产一部,974,非计划领料,15,1082.51,7837.08,来料质量,synthetic_scenario,Waste audit scenario calibrated to supplied product standard costs
WST-00445,2026-02-01,生产二部,450,返工,11,0.0,0.0,设备精度,synthetic_scenario,Waste audit scenario calibrated to supplied product standard costs
WST-00446,2026-08-01,生产一部,451,非计划领料,6,0.0,0.0,计划变更,synthetic_scenario,Waste audit scenario calibrated to supplied product standard costs
WST-00447,2026-10-01,生产二部,316,报废,8,0.0,0.0,操作偏差,synthetic_scenario,Waste audit scenario calibrated to supplied product standard costs
WST-00448,2026-02-01,设备部,923,能源超耗,11,1.8663,23.01,操作偏差,synthetic_scenario,Waste audit scenario calibrated to supplied product standard costs
WST-00449,2026-06-01,生产一部,852,能源超耗,2,30.9334,53.68,设备精度,synthetic_scenario,Waste audit scenario calibrated to supplied product standard costs
WST-00450,2026-04-01,质量部,968,材料超耗,7,1481.9379,9833.72,计划变更,synthetic_scenario,Waste audit scenario calibrated to supplied product standard costs
WST-00451,2026-12-01,设备部,742,材料超耗,4,747.2002,2194.67,设备精度,synthetic_scenario,Waste audit scenario calibrated to supplied product standard costs
WST-00452,2026-01-01,生产一部,440,返工,17,0.0,0.0,设备精度,synthetic_scenario,Waste audit scenario calibrated to supplied product standard costs
WST-00453,2026-03-01,生产二部,919,非计划领料,12,144.5938,1739.4,工艺参数,synthetic_scenario,Waste audit scenario calibrated to supplied product standard costs
WST-00454,2026-08-01,生产一部,799,设备停机,12,713.0798,7887.5,操作偏差,synthetic_scenario,Waste audit scenario calibrated to supplied product standard costs
WST-00455,2026-08-01,生产一部,861,返工,7,15.6709,85.83,工艺参数,synthetic_scenario,Waste audit scenario calibrated to supplied product standard costs
WST-00456,2026-12-01,质量部,519,能源超耗,9,145.87,1100.02,计划变更,synthetic_scenario,Waste audit scenario calibrated to supplied product standard costs
WST-00457,2026-04-01,设备部,995,材料超耗,4,44.9506,119.01,操作偏差,synthetic_scenario,Waste audit scenario calibrated to supplied product standard costs
WST-00458,2026-11-01,生产二部,978,报废,6,461.4448,1807.88,工艺参数,synthetic_scenario,Waste audit scenario calibrated to supplied product standard costs
WST-00459,2026-03-01,质量部,504,材料超耗,14,0.0,0.0,操作偏差,synthetic_scenario,Waste audit scenario calibrated to supplied product standard costs
WST-00460,2026-10-01,质量部,464,返工,17,0.0,0.0,计划变更,synthetic_scenario,Waste audit scenario calibrated to supplied product standard costs
WST-00461,2026-06-01,质量部,383,报废,2,0.0,0.0,设备精度,synthetic_scenario,Waste audit scenario calibrated to supplied product standard costs
WST-00462,2026-01-01,生产二部,984,返工,8,308.2179,1391.45,来料质量,synthetic_scenario,Waste audit scenario calibrated to supplied product standard costs
WST-00463,2026-06-01,质量部,914,返工,17,12.0413,201.73,工艺参数,synthetic_scenario,Waste audit scenario calibrated to supplied product standard costs
WST-00464,2026-09-01,设备部,322,材料超耗,7,0.0,0.0,来料质量,synthetic_scenario,Waste audit scenario calibrated to supplied product standard costs
WST-00465,2026-08-01,生产二部,526,报废,4,0.0,0.0,操作偏差,synthetic_scenario,Waste audit scenario calibrated to supplied product standard costs
WST-00466,2026-10-01,生产一部,481,返工,14,0.0,0.0,计划变更,synthetic_scenario,Waste audit scenario calibrated to supplied product standard costs
WST-00467,2026-06-01,生产二部,936,设备停机,8,27.568,234.48,计划变更,synthetic_scenario,Waste audit scenario calibrated to supplied product standard costs
WST-00468,2026-04-01,生产二部,319,返工,7,0.0,0.0,工艺参数,synthetic_scenario,Waste audit scenario calibrated to supplied product standard costs
WST-00469,2026-09-01,生产一部,854,报废,5,30.9334,119.41,设备精度,synthetic_scenario,Waste audit scenario calibrated to supplied product standard costs
WST-00470,2026-02-01,生产一部,978,非计划领料,16,461.4448,5057.33,工艺参数,synthetic_scenario,Waste audit scenario calibrated to supplied product standard costs
WST-00471,2026-06-01,生产一部,322,报废,11,0.0,0.0,操作偏差,synthetic_scenario,Waste audit scenario calibrated to supplied product standard costs
WST-00472,2026-04-01,生产二部,841,能源超耗,9,24.7459,116.16,工艺参数,synthetic_scenario,Waste audit scenario calibrated to supplied product standard costs
WST-00473,2026-08-01,生产二部,977,能源超耗,2,343.6496,588.48,操作偏差,synthetic_scenario,Waste audit scenario calibrated to supplied product standard costs
WST-00474,2026-01-01,生产二部,927,能源超耗,4,136.785,505.7,来料质量,synthetic_scenario,Waste audit scenario calibrated to supplied product standard costs
WST-00475,2026-04-01,设备部,709,材料超耗,16,3.3963,35.44,设备精度,synthetic_scenario,Waste audit scenario calibrated to supplied product standard costs
WST-00476,2026-07-01,质量部,929,返工,14,11.2163,87.51,计划变更,synthetic_scenario,Waste audit scenario calibrated to supplied product standard costs
WST-00477,2026-08-01,生产二部,965,能源超耗,9,461.4448,3264.89,工艺参数,synthetic_scenario,Waste audit scenario calibrated to supplied product standard costs
WST-00478,2026-05-01,生产一部,715,材料超耗,7,38.4923,283.35,操作偏差,synthetic_scenario,Waste audit scenario calibrated to supplied product standard costs
WST-00479,2026-05-01,生产二部,953,设备停机,4,755.1508,2518.19,来料质量,synthetic_scenario,Waste audit scenario calibrated to supplied product standard costs
WST-00480,2026-05-01,设备部,995,能源超耗,9,44.9506,433.16,来料质量,synthetic_scenario,Waste audit scenario calibrated to supplied product standard costs
WST-00481,2026-01-01,生产二部,881,能源超耗,6,41.5723,250.2,计划变更,synthetic_scenario,Waste audit scenario calibrated to supplied product standard costs
WST-00482,2026-01-01,生产二部,828,返工,10,158.5346,872.25,来料质量,synthetic_scenario,Waste audit scenario calibrated to supplied product standard costs
WST-00483,2026-01-01,质量部,383,设备停机,4,0.0,0.0,操作偏差,synthetic_scenario,Waste audit scenario calibrated to supplied product standard costs
WST-00484,2026-12-01,生产一部,349,返工,2,0.0,0.0,工艺参数,synthetic_scenario,Waste audit scenario calibrated to supplied product standard costs
WST-00485,2026-12-01,质量部,799,报废,2,713.0798,774.9,操作偏差,synthetic_scenario,Waste audit scenario calibrated to supplied product standard costs
WST-00486,2026-10-01,质量部,423,返工,8,0.0,0.0,工艺参数,synthetic_scenario,Waste audit scenario calibrated to supplied product standard costs
WST-00487,2026-11-01,生产一部,914,非计划领料,5,12.0413,34.68,来料质量,synthetic_scenario,Waste audit scenario calibrated to supplied product standard costs
WST-00488,2026-01-01,设备部,524,材料超耗,7,0.0,0.0,操作偏差,synthetic_scenario,Waste audit scenario calibrated to supplied product standard costs
WST-00489,2026-03-01,生产二部,737,能源超耗,3,204.6251,461.34,工艺参数,synthetic_scenario,Waste audit scenario calibrated to supplied product standard costs
WST-00490,2026-03-01,生产一部,942,能源超耗,14,199.3757,2373.82,设备精度,synthetic_scenario,Waste audit scenario calibrated to supplied product standard costs
WST-00491,2026-05-01,生产二部,876,返工,7,44.88,331.49,工艺参数,synthetic_scenario,Waste audit scenario calibrated to supplied product standard costs
WST-00492,2026-11-01,生产二部,480,能源超耗,5,0.0,0.0,计划变更,synthetic_scenario,Waste audit scenario calibrated to supplied product standard costs
WST-00493,2026-10-01,生产一部,715,报废,2,38.4923,85.31,操作偏差,synthetic_scenario,Waste audit scenario calibrated to supplied product standard costs
WST-00494,2026-10-01,生产一部,1,报废,3,0.0,0.0,工艺参数,synthetic_scenario,Waste audit scenario calibrated to supplied product standard costs
WST-00495,2026-09-01,设备部,791,能源超耗,11,1518.7864,10106.42,设备精度,synthetic_scenario,Waste audit scenario calibrated to supplied product standard costs
WST-00496,2026-03-01,设备部,912,设备停机,15,17.3782,289.39,操作偏差,synthetic_scenario,Waste audit scenario calibrated to supplied product standard costs
WST-00497,2026-03-01,质量部,926,材料超耗,3,136.785,393.57,操作偏差,synthetic_scenario,Waste audit scenario calibrated to supplied product standard costs
WST-00498,2026-02-01,生产二部,750,报废,11,2171.2942,11500.28,工艺参数,synthetic_scenario,Waste audit scenario calibrated to supplied product standard costs
WST-00499,2026-12-01,生产一部,768,返工,1,486.7066,381.15,工艺参数,synthetic_scenario,Waste audit scenario calibrated to supplied product standard costs
WST-00500,2026-03-01,质量部,535,报废,3,0.0,0.0,设备精度,synthetic_scenario,Waste audit scenario calibrated to supplied product standard costs
WST-00501,2026-11-01,质量部,864,材料超耗,5,23.749,125.43,来料质量,synthetic_scenario,Waste audit scenario calibrated to supplied product standard costs
WST-00502,2026-04-01,设备部,777,返工,8,1898.0944,9181.42,工艺参数,synthetic_scenario,Waste audit scenario calibrated to supplied product standard costs
WST-00503,2026-09-01,设备部,911,返工,16,12.0413,141.56,设备精度,synthetic_scenario,Waste audit scenario calibrated to supplied product standard costs
WST-00504,2026-04-01,质量部,986,返工,11,308.2179,3336.18,来料质量,synthetic_scenario,Waste audit scenario calibrated to supplied product standard costs
WST-00505,2026-05-01,生产一部,981,能源超耗,3,419.7784,987.06,计划变更,synthetic_scenario,Waste audit scenario calibrated to supplied product standard costs
WST-00506,2026-04-01,生产二部,461,非计划领料,5,0.0,0.0,设备精度,synthetic_scenario,Waste audit scenario calibrated to supplied product standard costs
WST-00507,2026-04-01,生产二部,962,返工,2,461.4448,830.67,工艺参数,synthetic_scenario,Waste audit scenario calibrated to supplied product standard costs
WST-00508,2026-10-01,质量部,442,材料超耗,7,0.0,0.0,计划变更,synthetic_scenario,Waste audit scenario calibrated to supplied product standard costs
WST-00509,2026-10-01,质量部,324,材料超耗,13,0.0,0.0,计划变更,synthetic_scenario,Waste audit scenario calibrated to supplied product standard costs
WST-00510,2026-02-01,生产二部,409,设备停机,15,0.0,0.0,计划变更,synthetic_scenario,Waste audit scenario calibrated to supplied product standard costs
WST-00511,2026-07-01,质量部,758,返工,15,884.7083,7084.86,计划变更,synthetic_scenario,Waste audit scenario calibrated to supplied product standard costs
WST-00512,2026-12-01,设备部,975,能源超耗,17,1082.51,20490.65,来料质量,synthetic_scenario,Waste audit scenario calibrated to supplied product standard costs
WST-00513,2026-04-01,设备部,960,材料超耗,4,461.4448,1655.07,来料质量,synthetic_scenario,Waste audit scenario calibrated to supplied product standard costs
WST-00514,2026-05-01,生产二部,949,报废,6,77.9176,200.06,来料质量,synthetic_scenario,Waste audit scenario calibrated to supplied product standard costs
WST-00515,2026-08-01,设备部,765,返工,10,486.7066,4325.33,计划变更,synthetic_scenario,Waste audit scenario calibrated to supplied product standard costs
WST-00516,2026-04-01,设备部,796,设备停机,7,1554.9479,7498.99,设备精度,synthetic_scenario,Waste audit scenario calibrated to supplied product standard costs
WST-00517,2026-02-01,生产二部,816,材料超耗,13,92.8071,1113.41,来料质量,synthetic_scenario,Waste audit scenario calibrated to supplied product standard costs
WST-00518,2026-12-01,生产二部,776,报废,10,1898.0944,9768.8,设备精度,synthetic_scenario,Waste audit scenario calibrated to supplied product standard costs
WST-00519,2026-06-01,生产一部,405,材料超耗,2,0.0,0.0,工艺参数,synthetic_scenario,Waste audit scenario calibrated to supplied product standard costs
WST-00520,2026-12-01,生产二部,809,材料超耗,10,27.4925,270.5,工艺参数,synthetic_scenario,Waste audit scenario calibrated to supplied product standard costs
WST-00521,2026-05-01,质量部,398,能源超耗,10,0.0,0.0,设备精度,synthetic_scenario,Waste audit scenario calibrated to supplied product standard costs
WST-00522,2026-09-01,生产二部,737,非计划领料,11,204.6251,2023.47,来料质量,synthetic_scenario,Waste audit scenario calibrated to supplied product standard costs
WST-00523,2026-01-01,设备部,408,材料超耗,10,0.0,0.0,操作偏差,synthetic_scenario,Waste audit scenario calibrated to supplied product standard costs
WST-00524,2026-04-01,质量部,454,非计划领料,3,0.0,0.0,设备精度,synthetic_scenario,Waste audit scenario calibrated to supplied product standard costs
WST-00525,2026-02-01,设备部,483,能源超耗,11,0.0,0.0,设备精度,synthetic_scenario,Waste audit scenario calibrated to supplied product standard costs
WST-00526,2026-04-01,质量部,529,返工,11,0.0,0.0,设备精度,synthetic_scenario,Waste audit scenario calibrated to supplied product standard costs
WST-00527,2026-09-01,质量部,909,报废,12,17.3782,212.43,计划变更,synthetic_scenario,Waste audit scenario calibrated to supplied product standard costs
WST-00528,2026-11-01,生产一部,457,能源超耗,9,0.0,0.0,计划变更,synthetic_scenario,Waste audit scenario calibrated to supplied product standard costs
WST-00529,2026-08-01,质量部,716,材料超耗,10,38.4923,399.63,操作偏差,synthetic_scenario,Waste audit scenario calibrated to supplied product standard costs
WST-00530,2026-10-01,设备部,921,返工,15,1.8663,14.15,设备精度,synthetic_scenario,Waste audit scenario calibrated to supplied product standard costs
WST-00531,2026-01-01,生产一部,522,能源超耗,12,145.87,1923.28,计划变更,synthetic_scenario,Waste audit scenario calibrated to supplied product standard costs
WST-00532,2026-12-01,设备部,990,报废,6,294.5797,1285.67,操作偏差,synthetic_scenario,Waste audit scenario calibrated to supplied product standard costs
WST-00533,2026-10-01,质量部,457,非计划领料,8,0.0,0.0,工艺参数,synthetic_scenario,Waste audit scenario calibrated to supplied product standard costs
WST-00534,2026-10-01,设备部,323,能源超耗,15,0.0,0.0,工艺参数,synthetic_scenario,Waste audit scenario calibrated to supplied product standard costs
WST-00535,2026-06-01,设备部,844,材料超耗,1,8.2459,8.36,设备精度,synthetic_scenario,Waste audit scenario calibrated to supplied product standard costs
WST-00536,2026-09-01,生产二部,913,非计划领料,16,23.3722,275.6,计划变更,synthetic_scenario,Waste audit scenario calibrated to supplied product standard costs
WST-00537,2026-10-01,生产二部,833,材料超耗,4,360.9428,562.89,来料质量,synthetic_scenario,Waste audit scenario calibrated to supplied product standard costs
WST-00538,2026-06-01,生产一部,738,能源超耗,17,204.6251,3114.98,计划变更,synthetic_scenario,Waste audit scenario calibrated to supplied product standard costs
WST-00539,2026-02-01,生产二部,328,材料超耗,3,0.0,0.0,计划变更,synthetic_scenario,Waste audit scenario calibrated to supplied product standard costs
WST-00540,2026-10-01,质量部,787,材料超耗,6,598.4354,3508.8,操作偏差,synthetic_scenario,Waste audit scenario calibrated to supplied product standard costs
WST-00541,2026-11-01,质量部,785,能源超耗,3,598.4354,1399.61,来料质量,synthetic_scenario,Waste audit scenario calibrated to supplied product standard costs
WST-00542,2026-05-01,生产一部,848,设备停机,12,18.5584,152.49,来料质量,synthetic_scenario,Waste audit scenario calibrated to supplied product standard costs
WST-00543,2026-01-01,设备部,849,报废,16,24.7459,195.56,操作偏差,synthetic_scenario,Waste audit scenario calibrated to supplied product standard costs
WST-00544,2026-01-01,生产一部,869,报废,7,26.1763,144.19,计划变更,synthetic_scenario,Waste audit scenario calibrated to supplied product standard costs
WST-00545,2026-11-01,生产二部,727,报废,9,187.1571,1344.78,操作偏差,synthetic_scenario,Waste audit scenario calibrated to supplied product standard costs
WST-00546,2026-05-01,质量部,726,报废,8,187.1571,1624.48,来料质量,synthetic_scenario,Waste audit scenario calibrated to supplied product standard costs
WST-00547,2026-12-01,设备部,979,设备停机,15,461.4448,5275.79,工艺参数,synthetic_scenario,Waste audit scenario calibrated to supplied product standard costs
WST-00548,2026-02-01,质量部,787,材料超耗,7,598.4354,2977.44,操作偏差,synthetic_scenario,Waste audit scenario calibrated to supplied product standard costs
WST-00549,2026-12-01,设备部,720,设备停机,8,868.6342,3147.94,计划变更,synthetic_scenario,Waste audit scenario calibrated to supplied product standard costs
WST-00550,2026-07-01,生产二部,864,设备停机,1,23.749,11.55,来料质量,synthetic_scenario,Waste audit scenario calibrated to supplied product standard costs
WST-00551,2026-04-01,生产一部,490,返工,9,0.0,0.0,来料质量,synthetic_scenario,Waste audit scenario calibrated to supplied product standard costs
WST-00552,2026-09-01,生产二部,419,材料超耗,6,0.0,0.0,操作偏差,synthetic_scenario,Waste audit scenario calibrated to supplied product standard costs
WST-00553,2026-05-01,质量部,833,非计划领料,13,360.9428,3143.33,操作偏差,synthetic_scenario,Waste audit scenario calibrated to supplied product standard costs
WST-00554,2026-11-01,设备部,511,设备停机,7,0.0,0.0,操作偏差,synthetic_scenario,Waste audit scenario calibrated to supplied product standard costs
WST-00555,2026-11-01,设备部,411,非计划领料,17,0.0,0.0,操作偏差,synthetic_scenario,Waste audit scenario calibrated to supplied product standard costs
WST-00556,2026-05-01,质量部,514,材料超耗,10,98.77,750.2,工艺参数,synthetic_scenario,Waste audit scenario calibrated to supplied product standard costs
WST-00557,2026-10-01,生产一部,429,材料超耗,10,0.0,0.0,工艺参数,synthetic_scenario,Waste audit scenario calibrated to supplied product standard costs
WST-00558,2026-09-01,设备部,729,返工,12,187.1571,1471.66,操作偏差,synthetic_scenario,Waste audit scenario calibrated to supplied product standard costs
WST-00559,2026-04-01,设备部,855,能源超耗,4,37.1209,100.82,计划变更,synthetic_scenario,Waste audit scenario calibrated to supplied product standard costs
WST-00560,2026-06-01,设备部,510,非计划领料,6,0.0,0.0,来料质量,synthetic_scenario,Waste audit scenario calibrated to supplied product standard costs
WST-00561,2026-09-01,生产一部,476,能源超耗,11,0.0,0.0,来料质量,synthetic_scenario,Waste audit scenario calibrated to supplied product standard costs
WST-00562,2026-02-01,设备部,835,非计划领料,5,360.9428,1725.87,工艺参数,synthetic_scenario,Waste audit scenario calibrated to supplied product standard costs
WST-00563,2026-07-01,生产二部,817,返工,7,133.2955,738.49,设备精度,synthetic_scenario,Waste audit scenario calibrated to supplied product standard costs
WST-00564,2026-03-01,设备部,749,能源超耗,8,2171.2942,9350.19,操作偏差,synthetic_scenario,Waste audit scenario calibrated to supplied product standard costs
WST-00565,2026-10-01,生产一部,916,返工,15,23.3722,141.13,工艺参数,synthetic_scenario,Waste audit scenario calibrated to supplied product standard costs
WST-00566,2026-01-01,设备部,985,材料超耗,10,308.2179,3355.9,设备精度,synthetic_scenario,Waste audit scenario calibrated to supplied product standard costs
WST-00567,2026-10-01,质量部,731,能源超耗,11,352.1394,3284.83,计划变更,synthetic_scenario,Waste audit scenario calibrated to supplied product standard costs
WST-00568,2026-05-01,生产二部,846,能源超耗,4,5.7709,23.44,操作偏差,synthetic_scenario,Waste audit scenario calibrated to supplied product standard costs
WST-00569,2026-11-01,生产一部,923,能源超耗,12,1.8663,11.04,操作偏差,synthetic_scenario,Waste audit scenario calibrated to supplied product standard costs
WST-00570,2026-09-01,生产二部,973,非计划领料,8,1082.51,3259.64,计划变更,synthetic_scenario,Waste audit scenario calibrated to supplied product standard costs
WST-00571,2026-08-01,质量部,835,能源超耗,2,360.9428,495.95,计划变更,synthetic_scenario,Waste audit scenario calibrated to supplied product standard costs
WST-00572,2026-04-01,生产一部,864,材料超耗,10,23.749,160.11,来料质量,synthetic_scenario,Waste audit scenario calibrated to supplied product standard costs
WST-00573,2026-02-01,质量部,528,能源超耗,5,0.0,0.0,设备精度,synthetic_scenario,Waste audit scenario calibrated to supplied product standard costs
WST-00574,2026-04-01,质量部,871,返工,14,3.7363,44.54,来料质量,synthetic_scenario,Waste audit scenario calibrated to supplied product standard costs
WST-00575,2026-09-01,生产二部,726,材料超耗,7,187.1571,1206.95,工艺参数,synthetic_scenario,Waste audit scenario calibrated to supplied product standard costs
WST-00576,2026-01-01,质量部,879,报废,16,59.466,337.17,设备精度,synthetic_scenario,Waste audit scenario calibrated to supplied product standard costs
WST-00577,2026-04-01,设备部,989,报废,3,294.5797,417.47,设备精度,synthetic_scenario,Waste audit scenario calibrated to supplied product standard costs
WST-00578,2026-06-01,质量部,769,报废,7,486.7066,2695.71,操作偏差,synthetic_scenario,Waste audit scenario calibrated to supplied product standard costs
WST-00579,2026-03-01,生产二部,393,报废,10,0.0,0.0,操作偏差,synthetic_scenario,Waste audit scenario calibrated to supplied product standard costs
WST-00580,2026-05-01,生产一部,461,非计划领料,10,0.0,0.0,工艺参数,synthetic_scenario,Waste audit scenario calibrated to supplied product standard costs
WST-00581,2026-08-01,设备部,505,报废,3,0.0,0.0,设备精度,synthetic_scenario,Waste audit scenario calibrated to supplied product standard costs
WST-00582,2026-11-01,生产一部,778,返工,12,1898.0944,12333.38,设备精度,synthetic_scenario,Waste audit scenario calibrated to supplied product standard costs
WST-00583,2026-02-01,设备部,958,报废,9,461.4448,2581.72,来料质量,synthetic_scenario,Waste audit scenario calibrated to supplied product standard costs
WST-00584,2026-04-01,生产二部,474,能源超耗,8,0.0,0.0,来料质量,synthetic_scenario,Waste audit scenario calibrated to supplied product standard costs
WST-00585,2026-01-01,生产二部,520,报废,10,98.77,376.72,操作偏差,synthetic_scenario,Waste audit scenario calibrated to supplied product standard costs
WST-00586,2026-05-01,设备部,492,报废,5,0.0,0.0,工艺参数,synthetic_scenario,Waste audit scenario calibrated to supplied product standard costs
WST-00587,2026-03-01,生产一部,816,设备停机,6,92.8071,497.13,计划变更,synthetic_scenario,Waste audit scenario calibrated to supplied product standard costs
WST-00588,2026-09-01,质量部,821,返工,16,96.7964,897.24,设备精度,synthetic_scenario,Waste audit scenario calibrated to supplied product standard costs
WST-00589,2026-10-01,质量部,786,非计划领料,5,598.4354,2471.75,操作偏差,synthetic_scenario,Waste audit scenario calibrated to supplied product standard costs
WST-00590,2026-07-01,生产一部,728,材料超耗,11,187.1571,1818.27,设备精度,synthetic_scenario,Waste audit scenario calibrated to supplied product standard costs
WST-00591,2026-02-01,生产二部,344,能源超耗,4,0.0,0.0,计划变更,synthetic_scenario,Waste audit scenario calibrated to supplied product standard costs
WST-00592,2026-12-01,设备部,766,非计划领料,14,486.7066,6741.09,操作偏差,synthetic_scenario,Waste audit scenario calibrated to supplied product standard costs
WST-00593,2026-11-01,生产二部,712,材料超耗,4,6.9223,20.77,设备精度,synthetic_scenario,Waste audit scenario calibrated to supplied product standard costs
WST-00594,2026-07-01,生产一部,956,报废,11,1481.9379,7305.66,设备精度,synthetic_scenario,Waste audit scenario calibrated to supplied product standard costs
WST-00595,2026-07-01,设备部,767,材料超耗,4,486.7066,703.05,设备精度,synthetic_scenario,Waste audit scenario calibrated to supplied product standard costs
WST-00596,2026-05-01,质量部,711,报废,16,13.0863,225.36,计划变更,synthetic_scenario,Waste audit scenario calibrated to supplied product standard costs
WST-00597,2026-12-01,设备部,479,设备停机,11,0.0,0.0,操作偏差,synthetic_scenario,Waste audit scenario calibrated to supplied product standard costs
WST-00598,2026-04-01,质量部,475,材料超耗,7,0.0,0.0,计划变更,synthetic_scenario,Waste audit scenario calibrated to supplied product standard costs
WST-00599,2026-07-01,设备部,996,报废,5,53.9416,219.98,来料质量,synthetic_scenario,Waste audit scenario calibrated to supplied product standard costs
WST-00600,2026-09-01,设备部,937,设备停机,15,35.9596,592.33,来料质量,synthetic_scenario,Waste audit scenario calibrated to supplied product standard costs
